Páginas;Formato;Cor;Papel Miolo;Papel Capa;50;100;150
4 Páginas;20 x 20 cm;1x1 (p/b);Offset 90g;Couché Fosco 115g;441,03;661,09;785,48
4 Páginas;20 x 20 cm;1x1 (p/b);Offset 90g;Couché Fosco 150g;446,93;676,22;801,90
4 Páginas;20 x 20 cm;1x1 (p/b);Reciclato 90g;Couché Fosco 115g;515,49;755,02;896,90
4 Páginas;20 x 20 cm;1x1 (p/b);Reciclato 90g;Couché Fosco 150g;521,40;770,15;913,32
4 Páginas;20 x 20 cm;1x1 (p/b);Couché Fosco 90g;Couché Fosco 115g;466,99;692,38;807,08
4 Páginas;20 x 20 cm;1x1 (p/b);Couché Fosco 90g;Couché Fosco 150g;472,89;707,51;823,50
4 Páginas;20 x 20 cm;4x4 (colorido);Offset 90g;Couché Fosco 115g;441,03;661,09;785,48
4 Páginas;20 x 20 cm;4x4 (colorido);Offset 90g;Couché Fosco 150g;446,93;676,22;801,90
4 Páginas;20 x 20 cm;4x4 (colorido);Reciclato 90g;Couché Fosco 115g;515,49;755,02;896,90
4 Páginas;20 x 20 cm;4x4 (colorido);Reciclato 90g;Couché Fosco 150g;521,40;770,15;913,32
4 Páginas;20 x 20 cm;4x4 (colorido);Couché Fosco 90g;Couché Fosco 115g;466,99;692,38;807,08
4 Páginas;20 x 20 cm;4x4 (colorido);Couché Fosco 90g;Couché Fosco 150g;472,89;707,51;823,50
4 Páginas;21 x 15 cm;1x1 (p/b);Offset 90g;Couché Fosco 115g;414,55;608,22;706,18
4 Páginas;21 x 15 cm;1x1 (p/b);Offset 90g;Couché Fosco 150g;420,18;622,80;721,78
4 Páginas;21 x 15 cm;1x1 (p/b);Reciclato 90g;Couché Fosco 115g;483,45;694,72;806,45
4 Páginas;21 x 15 cm;1x1 (p/b);Reciclato 90g;Couché Fosco 150g;489,08;709,29;822,05
4 Páginas;21 x 15 cm;1x1 (p/b);Couché Fosco 90g;Couché Fosco 115g;442,19;643,64;733,96
4 Páginas;21 x 15 cm;1x1 (p/b);Couché Fosco 90g;Couché Fosco 150g;447,82;658,22;749,57
4 Páginas;21 x 15 cm;4x4 (colorido);Offset 90g;Couché Fosco 115g;414,55;608,22;706,18
4 Páginas;21 x 15 cm;4x4 (colorido);Offset 90g;Couché Fosco 150g;420,18;622,80;721,78
4 Páginas;21 x 15 cm;4x4 (colorido);Reciclato 90g;Couché Fosco 115g;483,45;694,72;806,45
4 Páginas;21 x 15 cm;4x4 (colorido);Reciclato 90g;Couché Fosco 150g;489,08;709,29;822,05
4 Páginas;21 x 15 cm;4x4 (colorido);Couché Fosco 90g;Couché Fosco 115g;442,19;643,64;733,96
4 Páginas;21 x 15 cm;4x4 (colorido);Couché Fosco 90g;Couché Fosco 150g;447,82;658,22;749,57
4 Páginas;28 x 21 cm;1x1 (p/b);Offset 90g;Couché Fosco 115g;499,58;778,02;960,87
4 Páginas;28 x 21 cm;1x1 (p/b);Offset 90g;Couché Fosco 150g;506,10;794,36;979,11
4 Páginas;28 x 21 cm;1x1 (p/b);Reciclato 90g;Couché Fosco 115g;586,37;888,39;1.096,96
4 Páginas;28 x 21 cm;1x1 (p/b);Reciclato 90g;Couché Fosco 150g;592,87;904,74;1.036,12
4 Páginas;28 x 21 cm;1x1 (p/b);Couché Fosco 90g;Couché Fosco 115g;521,84;800,20;968,80
4 Páginas;28 x 21 cm;1x1 (p/b);Couché Fosco 90g;Couché Fosco 150g;528,35;816,54;987,05
4 Páginas;28 x 21 cm;4x4 (colorido);Offset 90g;Couché Fosco 115g;499,58;778,02;960,87
4 Páginas;28 x 21 cm;4x4 (colorido);Offset 90g;Couché Fosco 150g;506,10;794,36;979,11
4 Páginas;28 x 21 cm;4x4 (colorido);Reciclato 90g;Couché Fosco 115g;586,37;888,39;1.096,96
4 Páginas;28 x 21 cm;4x4 (colorido);Reciclato 90g;Couché Fosco 150g;592,87;904,74;1.036,12
4 Páginas;28 x 21 cm;4x4 (colorido);Couché Fosco 90g;Couché Fosco 115g;521,84;800,20;968,80
4 Páginas;28 x 21 cm;4x4 (colorido);Couché Fosco 90g;Couché Fosco 150g;528,35;816,54;987,05
4 Páginas;29,7 x 21 cm;1x1 (p/b);Offset 90g;Couché Fosco 115g;510,71;800,22;994,17
4 Páginas;29,7 x 21 cm;1x1 (p/b);Offset 90g;Couché Fosco 150g;517,33;816,80;1.012,76
4 Páginas;29,7 x 21 cm;1x1 (p/b);Reciclato 90g;Couché Fosco 115g;599,82;913,71;1.054,46
4 Páginas;29,7 x 21 cm;1x1 (p/b);Reciclato 90g;Couché Fosco 150g;606,44;930,29;1.071,73
4 Páginas;29,7 x 21 cm;1x1 (p/b);Couché Fosco 90g;Couché Fosco 115g;532,26;820,67;999,51
4 Páginas;29,7 x 21 cm;1x1 (p/b);Couché Fosco 90g;Couché Fosco 150g;538,89;837,25;1.018,11
4 Páginas;29,7 x 21 cm;4x4 (colorido);Offset 90g;Couché Fosco 115g;510,71;800,22;994,17
4 Páginas;29,7 x 21 cm;4x4 (colorido);Offset 90g;Couché Fosco 150g;517,33;816,80;1.012,76
4 Páginas;29,7 x 21 cm;4x4 (colorido);Reciclato 90g;Couché Fosco 115g;599,82;913,71;1.054,46
4 Páginas;29,7 x 21 cm;4x4 (colorido);Reciclato 90g;Couché Fosco 150g;606,44;930,29;1.071,73
4 Páginas;29,7 x 21 cm;4x4 (colorido);Couché Fosco 90g;Couché Fosco 115g;532,26;820,67;999,51
4 Páginas;29,7 x 21 cm;4x4 (colorido);Couché Fosco 90g;Couché Fosco 150g;538,89;837,25;1.018,11
4 Páginas;21 x 28 cm;1x1 (p/b);Offset 90g;Couché Fosco 115g;499,58;778,02;960,87
4 Páginas;21 x 28 cm;1x1 (p/b);Offset 90g;Couché Fosco 150g;506,10;794,36;979,11
4 Páginas;21 x 28 cm;1x1 (p/b);Reciclato 90g;Couché Fosco 115g;586,37;888,39;1.096,96
4 Páginas;21 x 28 cm;1x1 (p/b);Reciclato 90g;Couché Fosco 150g;592,87;904,74;1.036,12
4 Páginas;21 x 28 cm;1x1 (p/b);Couché Fosco 90g;Couché Fosco 115g;521,84;800,20;968,80
4 Páginas;21 x 28 cm;1x1 (p/b);Couché Fosco 90g;Couché Fosco 150g;528,35;816,54;987,05
4 Páginas;21 x 28 cm;4x4 (colorido);Offset 90g;Couché Fosco 115g;499,58;778,02;960,87
4 Páginas;21 x 28 cm;4x4 (colorido);Offset 90g;Couché Fosco 150g;506,10;794,36;979,11
4 Páginas;21 x 28 cm;4x4 (colorido);Reciclato 90g;Couché Fosco 115g;586,37;888,39;1.096,96
4 Páginas;21 x 28 cm;4x4 (colorido);Reciclato 90g;Couché Fosco 150g;592,87;904,74;1.036,12
4 Páginas;21 x 28 cm;4x4 (colorido);Couché Fosco 90g;Couché Fosco 115g;521,84;800,20;968,80
4 Páginas;21 x 28 cm;4x4 (colorido);Couché Fosco 90g;Couché Fosco 150g;528,35;816,54;987,05
4 Páginas;A4 (21,0 x 29,7 cm);1x1 (p/b);Offset 90g;Couché Fosco 115g;510,71;800,22;994,17
4 Páginas;A4 (21,0 x 29,7 cm);1x1 (p/b);Offset 90g;Couché Fosco 150g;517,33;816,80;1.012,76
4 Páginas;A4 (21,0 x 29,7 cm);1x1 (p/b);Reciclato 90g;Couché Fosco 115g;599,82;913,71;1.054,46
4 Páginas;A4 (21,0 x 29,7 cm);1x1 (p/b);Reciclato 90g;Couché Fosco 150g;606,44;930,29;1.071,73
4 Páginas;A4 (21,0 x 29,7 cm);1x1 (p/b);Couché Fosco 90g;Couché Fosco 115g;532,26;820,67;999,51
4 Páginas;A4 (21,0 x 29,7 cm);1x1 (p/b);Couché Fosco 90g;Couché Fosco 150g;538,89;837,25;1.018,11
4 Páginas;A4 (21,0 x 29,7 cm);4x4 (colorido);Offset 90g;Couché Fosco 115g;510,71;800,22;994,17
4 Páginas;A4 (21,0 x 29,7 cm);4x4 (colorido);Offset 90g;Couché Fosco 150g;517,33;816,80;1.012,76
4 Páginas;A4 (21,0 x 29,7 cm);4x4 (colorido);Reciclato 90g;Couché Fosco 115g;599,82;913,71;1.054,46
4 Páginas;A4 (21,0 x 29,7 cm);4x4 (colorido);Reciclato 90g;Couché Fosco 150g;606,44;930,29;1.071,73
4 Páginas;A4 (21,0 x 29,7 cm);4x4 (colorido);Couché Fosco 90g;Couché Fosco 115g;532,26;820,67;999,51
4 Páginas;A4 (21,0 x 29,7 cm);4x4 (colorido);Couché Fosco 90g;Couché Fosco 150g;538,89;837,25;1.018,11
4 Páginas;A5 (14,8 x 21,0 cm);1x1 (p/b);Offset 90g;Couché Fosco 115g;413,24;605,61;702,27
4 Páginas;A5 (14,8 x 21,0 cm);1x1 (p/b);Offset 90g;Couché Fosco 150g;418,85;620,16;717,82
4 Páginas;A5 (14,8 x 21,0 cm);1x1 (p/b);Reciclato 90g;Couché Fosco 115g;481,87;691,74;801,98
4 Páginas;A5 (14,8 x 21,0 cm);1x1 (p/b);Reciclato 90g;Couché Fosco 150g;487,49;706,30;817,54
4 Páginas;A5 (14,8 x 21,0 cm);1x1 (p/b);Couché Fosco 90g;Couché Fosco 115g;440,97;641,23;730,35
4 Páginas;A5 (14,8 x 21,0 cm);1x1 (p/b);Couché Fosco 90g;Couché Fosco 150g;446,57;655,78;745,91
4 Páginas;A5 (14,8 x 21,0 cm);4x4 (colorido);Offset 90g;Couché Fosco 115g;413,24;605,61;702,27
4 Páginas;A5 (14,8 x 21,0 cm);4x4 (colorido);Offset 90g;Couché Fosco 150g;418,85;620,16;717,82
4 Páginas;A5 (14,8 x 21,0 cm);4x4 (colorido);Reciclato 90g;Couché Fosco 115g;481,87;691,74;801,98
4 Páginas;A5 (14,8 x 21,0 cm);4x4 (colorido);Reciclato 90g;Couché Fosco 150g;487,49;706,30;817,54
4 Páginas;A5 (14,8 x 21,0 cm);4x4 (colorido);Couché Fosco 90g;Couché Fosco 115g;440,97;641,23;730,35
4 Páginas;A5 (14,8 x 21,0 cm);4x4 (colorido);Couché Fosco 90g;Couché Fosco 150g;446,57;655,78;745,91
8 Páginas;20 x 20 cm;1x1 (p/b);Offset 90g;Couché Fosco 115g;526,20;831,09;1.040,49
8 Páginas;20 x 20 cm;1x1 (p/b);Offset 90g;Couché Fosco 150g;532,10;846,23;1.056,91
8 Páginas;20 x 20 cm;1x1 (p/b);Reciclato 90g;Couché Fosco 115g;626,85;960,01;1.118,98
8 Páginas;20 x 20 cm;1x1 (p/b);Reciclato 90g;Couché Fosco 150g;632,74;975,14;1.134,25
8 Páginas;20 x 20 cm;1x1 (p/b);Couché Fosco 90g;Couché Fosco 115g;544,28;843,01;1.033,01
8 Páginas;20 x 20 cm;1x1 (p/b);Couché Fosco 90g;Couché Fosco 150g;550,17;858,14;1.049,43
8 Páginas;20 x 20 cm;4x4 (colorido);Offset 90g;Couché Fosco 115g;526,20;831,09;1.040,49
8 Páginas;20 x 20 cm;4x4 (colorido);Offset 90g;Couché Fosco 150g;532,10;846,23;1.056,91
8 Páginas;20 x 20 cm;4x4 (colorido);Reciclato 90g;Couché Fosco 115g;626,85;960,01;1.118,98
8 Páginas;20 x 20 cm;4x4 (colorido);Reciclato 90g;Couché Fosco 150g;632,74;975,14;1.134,25
8 Páginas;20 x 20 cm;4x4 (colorido);Couché Fosco 90g;Couché Fosco 115g;544,28;843,01;1.033,01
8 Páginas;20 x 20 cm;4x4 (colorido);Couché Fosco 90g;Couché Fosco 150g;550,17;858,14;1.049,43
8 Páginas;21 x 15 cm;1x1 (p/b);Offset 90g;Couché Fosco 115g;481,63;742,10;907,00
8 Páginas;21 x 15 cm;1x1 (p/b);Offset 90g;Couché Fosco 150g;487,25;756,68;922,59
8 Páginas;21 x 15 cm;1x1 (p/b);Reciclato 90g;Couché Fosco 115g;571,15;856,15;1.048,60
8 Páginas;21 x 15 cm;1x1 (p/b);Reciclato 90g;Couché Fosco 150g;576,77;870,74;1.064,20
8 Páginas;21 x 15 cm;1x1 (p/b);Couché Fosco 90g;Couché Fosco 115g;503,05;762,25;911,89
8 Páginas;21 x 15 cm;1x1 (p/b);Couché Fosco 90g;Couché Fosco 150g;508,67;776,84;927,48
8 Páginas;21 x 15 cm;4x4 (colorido);Offset 90g;Couché Fosco 115g;481,63;742,10;907,00
8 Páginas;21 x 15 cm;4x4 (colorido);Offset 90g;Couché Fosco 150g;487,25;756,68;922,59
8 Páginas;21 x 15 cm;4x4 (colorido);Reciclato 90g;Couché Fosco 115g;571,15;856,15;1.048,60
8 Páginas;21 x 15 cm;4x4 (colorido);Reciclato 90g;Couché Fosco 150g;576,77;870,74;1.064,20
8 Páginas;21 x 15 cm;4x4 (colorido);Couché Fosco 90g;Couché Fosco 115g;503,05;762,25;911,89
8 Páginas;21 x 15 cm;4x4 (colorido);Couché Fosco 90g;Couché Fosco 150g;508,67;776,84;927,48
8 Páginas;28 x 21 cm;1x1 (p/b);Offset 90g;Couché Fosco 115g;624,79;1.027,92;1.241,01
8 Páginas;28 x 21 cm;1x1 (p/b);Offset 90g;Couché Fosco 150g;631,30;1.044,26;1.257,95
8 Páginas;28 x 21 cm;1x1 (p/b);Reciclato 90g;Couché Fosco 115g;750,05;1.105,36;1.439,13
8 Páginas;28 x 21 cm;1x1 (p/b);Reciclato 90g;Couché Fosco 150g;756,55;1.120,54;1.456,08
8 Páginas;28 x 21 cm;1x1 (p/b);Couché Fosco 90g;Couché Fosco 115g;635,45;1.021,62;1.208,67
8 Páginas;28 x 21 cm;1x1 (p/b);Couché Fosco 90g;Couché Fosco 150g;641,95;1.037,96;1.225,62
8 Páginas;28 x 21 cm;4x4 (colorido);Offset 90g;Couché Fosco 115g;624,79;1.027,92;1.241,01
8 Páginas;28 x 21 cm;4x4 (colorido);Offset 90g;Couché Fosco 150g;631,30;1.044,26;1.257,95
8 Páginas;28 x 21 cm;4x4 (colorido);Reciclato 90g;Couché Fosco 115g;750,05;1.105,36;1.439,13
8 Páginas;28 x 21 cm;4x4 (colorido);Reciclato 90g;Couché Fosco 150g;756,55;1.120,54;1.456,08
8 Páginas;28 x 21 cm;4x4 (colorido);Couché Fosco 90g;Couché Fosco 115g;635,45;1.021,62;1.208,67
8 Páginas;28 x 21 cm;4x4 (colorido);Couché Fosco 90g;Couché Fosco 150g;641,95;1.037,96;1.225,62
8 Páginas;29,7 x 21 cm;1x1 (p/b);Offset 90g;Couché Fosco 115g;643,51;1.065,30;1.293,09
8 Páginas;29,7 x 21 cm;1x1 (p/b);Offset 90g;Couché Fosco 150g;650,14;1.081,87;1.310,36
8 Páginas;29,7 x 21 cm;1x1 (p/b);Reciclato 90g;Couché Fosco 115g;773,44;1.145,89;1.499,91
8 Páginas;29,7 x 21 cm;1x1 (p/b);Reciclato 90g;Couché Fosco 150g;780,06;1.161,29;1.517,19
8 Páginas;29,7 x 21 cm;1x1 (p/b);Couché Fosco 90g;Couché Fosco 115g;652,77;1.055,53;1.255,94
8 Páginas;29,7 x 21 cm;1x1 (p/b);Couché Fosco 90g;Couché Fosco 150g;659,39;1.072,10;1.273,21
8 Páginas;29,7 x 21 cm;4x4 (colorido);Offset 90g;Couché Fosco 115g;643,51;1.065,30;1.293,09
8 Páginas;29,7 x 21 cm;4x4 (colorido);Offset 90g;Couché Fosco 150g;650,14;1.081,87;1.310,36
8 Páginas;29,7 x 21 cm;4x4 (colorido);Reciclato 90g;Couché Fosco 115g;773,44;1.145,89;1.499,91
8 Páginas;29,7 x 21 cm;4x4 (colorido);Reciclato 90g;Couché Fosco 150g;780,06;1.161,29;1.517,19
8 Páginas;29,7 x 21 cm;4x4 (colorido);Couché Fosco 90g;Couché Fosco 115g;652,77;1.055,53;1.255,94
8 Páginas;29,7 x 21 cm;4x4 (colorido);Couché Fosco 90g;Couché Fosco 150g;659,39;1.072,10;1.273,21
8 Páginas;21 x 28 cm;1x1 (p/b);Offset 90g;Couché Fosco 115g;624,79;1.027,92;1.241,01
8 Páginas;21 x 28 cm;1x1 (p/b);Offset 90g;Couché Fosco 150g;631,30;1.044,26;1.257,95
8 Páginas;21 x 28 cm;1x1 (p/b);Reciclato 90g;Couché Fosco 115g;750,05;1.105,36;1.439,13
8 Páginas;21 x 28 cm;1x1 (p/b);Reciclato 90g;Couché Fosco 150g;756,55;1.120,54;1.456,08
8 Páginas;21 x 28 cm;1x1 (p/b);Couché Fosco 90g;Couché Fosco 115g;635,45;1.021,62;1.208,67
8 Páginas;21 x 28 cm;1x1 (p/b);Couché Fosco 90g;Couché Fosco 150g;641,95;1.037,96;1.225,62
8 Páginas;21 x 28 cm;4x4 (colorido);Offset 90g;Couché Fosco 115g;624,79;1.027,92;1.241,01
8 Páginas;21 x 28 cm;4x4 (colorido);Offset 90g;Couché Fosco 150g;631,30;1.044,26;1.257,95
8 Páginas;21 x 28 cm;4x4 (colorido);Reciclato 90g;Couché Fosco 115g;750,05;1.105,36;1.439,13
8 Páginas;21 x 28 cm;4x4 (colorido);Reciclato 90g;Couché Fosco 150g;756,55;1.120,54;1.456,08
8 Páginas;21 x 28 cm;4x4 (colorido);Couché Fosco 90g;Couché Fosco 115g;635,45;1.021,62;1.208,67
8 Páginas;21 x 28 cm;4x4 (colorido);Couché Fosco 90g;Couché Fosco 150g;641,95;1.037,96;1.225,62
8 Páginas;A4 (21,0 x 29,7 cm);1x1 (p/b);Offset 90g;Couché Fosco 115g;643,51;1.065,30;1.293,09
8 Páginas;A4 (21,0 x 29,7 cm);1x1 (p/b);Offset 90g;Couché Fosco 150g;650,14;1.081,87;1.310,36
8 Páginas;A4 (21,0 x 29,7 cm);1x1 (p/b);Reciclato 90g;Couché Fosco 115g;773,44;1.145,89;1.499,91
8 Páginas;A4 (21,0 x 29,7 cm);1x1 (p/b);Reciclato 90g;Couché Fosco 150g;780,06;1.161,29;1.517,19
8 Páginas;A4 (21,0 x 29,7 cm);1x1 (p/b);Couché Fosco 90g;Couché Fosco 115g;652,77;1.055,53;1.255,94
8 Páginas;A4 (21,0 x 29,7 cm);1x1 (p/b);Couché Fosco 90g;Couché Fosco 150g;659,39;1.072,10;1.273,21
8 Páginas;A4 (21,0 x 29,7 cm);4x4 (colorido);Offset 90g;Couché Fosco 115g;643,51;1.065,30;1.293,09
8 Páginas;A4 (21,0 x 29,7 cm);4x4 (colorido);Offset 90g;Couché Fosco 150g;650,14;1.081,87;1.310,36
8 Páginas;A4 (21,0 x 29,7 cm);4x4 (colorido);Reciclato 90g;Couché Fosco 115g;773,44;1.145,89;1.499,91
8 Páginas;A4 (21,0 x 29,7 cm);4x4 (colorido);Reciclato 90g;Couché Fosco 150g;780,06;1.161,29;1.517,19
8 Páginas;A4 (21,0 x 29,7 cm);4x4 (colorido);Couché Fosco 90g;Couché Fosco 115g;652,77;1.055,53;1.255,94
8 Páginas;A4 (21,0 x 29,7 cm);4x4 (colorido);Couché Fosco 90g;Couché Fosco 150g;659,39;1.072,10;1.273,21
8 Páginas;A5 (14,8 x 21,0 cm);1x1 (p/b);Offset 90g;Couché Fosco 115g;479,42;737,70;900,40
8 Páginas;A5 (14,8 x 21,0 cm);1x1 (p/b);Offset 90g;Couché Fosco 150g;485,04;752,26;915,96
8 Páginas;A5 (14,8 x 21,0 cm);1x1 (p/b);Reciclato 90g;Couché Fosco 115g;568,39;851,02;1.040,90
8 Páginas;A5 (14,8 x 21,0 cm);1x1 (p/b);Reciclato 90g;Couché Fosco 150g;574,00;865,58;1.056,46
8 Páginas;A5 (14,8 x 21,0 cm);1x1 (p/b);Couché Fosco 90g;Couché Fosco 115g;501,01;758,27;905,89
8 Páginas;A5 (14,8 x 21,0 cm);1x1 (p/b);Couché Fosco 90g;Couché Fosco 150g;506,62;772,82;921,46
8 Páginas;A5 (14,8 x 21,0 cm);4x4 (colorido);Offset 90g;Couché Fosco 115g;479,42;737,70;900,40
8 Páginas;A5 (14,8 x 21,0 cm);4x4 (colorido);Offset 90g;Couché Fosco 150g;485,04;752,26;915,96
8 Páginas;A5 (14,8 x 21,0 cm);4x4 (colorido);Reciclato 90g;Couché Fosco 115g;568,39;851,02;1.040,90
8 Páginas;A5 (14,8 x 21,0 cm);4x4 (colorido);Reciclato 90g;Couché Fosco 150g;574,00;865,58;1.056,46
8 Páginas;A5 (14,8 x 21,0 cm);4x4 (colorido);Couché Fosco 90g;Couché Fosco 115g;501,01;758,27;905,89
8 Páginas;A5 (14,8 x 21,0 cm);4x4 (colorido);Couché Fosco 90g;Couché Fosco 150g;506,62;772,82;921,46
16 Páginas;20 x 20 cm;1x1 (p/b);Offset 90g;Couché Fosco 115g;696,54;1.088,05;1.440,54
16 Páginas;20 x 20 cm;1x1 (p/b);Offset 90g;Couché Fosco 150g;702,44;1.102,11;1.455,80
16 Páginas;20 x 20 cm;1x1 (p/b);Reciclato 90g;Couché Fosco 115g;849,54;1.272,84;1.690,35
16 Páginas;20 x 20 cm;1x1 (p/b);Reciclato 90g;Couché Fosco 150g;855,44;1.286,91;1.705,61
16 Páginas;20 x 20 cm;1x1 (p/b);Couché Fosco 90g;Couché Fosco 115g;698,85;1.063,10;1.379,58
16 Páginas;20 x 20 cm;1x1 (p/b);Couché Fosco 90g;Couché Fosco 150g;704,74;1.077,17;1.394,84
16 Páginas;20 x 20 cm;4x4 (colorido);Offset 90g;Couché Fosco 115g;696,54;1.088,05;1.440,54
16 Páginas;20 x 20 cm;4x4 (colorido);Offset 90g;Couché Fosco 150g;702,44;1.102,11;1.455,80
16 Páginas;20 x 20 cm;4x4 (colorido);Reciclato 90g;Couché Fosco 115g;849,54;1.272,84;1.690,35
16 Páginas;20 x 20 cm;4x4 (colorido);Reciclato 90g;Couché Fosco 150g;855,44;1.286,91;1.705,61
16 Páginas;20 x 20 cm;4x4 (colorido);Couché Fosco 90g;Couché Fosco 115g;698,85;1.063,10;1.379,58
16 Páginas;20 x 20 cm;4x4 (colorido);Couché Fosco 90g;Couché Fosco 150g;704,74;1.077,17;1.394,84
16 Páginas;21 x 15 cm;1x1 (p/b);Offset 90g;Couché Fosco 115g;615,77;1.009,86;1.215,84
16 Páginas;21 x 15 cm;1x1 (p/b);Offset 90g;Couché Fosco 150g;621,40;1.024,45;1.230,33
16 Páginas;21 x 15 cm;1x1 (p/b);Reciclato 90g;Couché Fosco 115g;746,51;1.095,40;1.424,19
16 Páginas;21 x 15 cm;1x1 (p/b);Reciclato 90g;Couché Fosco 150g;752,14;1.108,95;1.438,68
16 Páginas;21 x 15 cm;1x1 (p/b);Couché Fosco 90g;Couché Fosco 115g;624,78;999,48;1.177,83
16 Páginas;21 x 15 cm;1x1 (p/b);Couché Fosco 90g;Couché Fosco 150g;630,40;1.014,06;1.192,32
16 Páginas;21 x 15 cm;4x4 (colorido);Offset 90g;Couché Fosco 115g;615,77;1.009,86;1.215,84
16 Páginas;21 x 15 cm;4x4 (colorido);Offset 90g;Couché Fosco 150g;621,40;1.024,45;1.230,33
16 Páginas;21 x 15 cm;4x4 (colorido);Reciclato 90g;Couché Fosco 115g;746,51;1.095,40;1.424,19
16 Páginas;21 x 15 cm;4x4 (colorido);Reciclato 90g;Couché Fosco 150g;752,14;1.108,95;1.438,68
16 Páginas;21 x 15 cm;4x4 (colorido);Couché Fosco 90g;Couché Fosco 115g;624,78;999,48;1.177,83
16 Páginas;21 x 15 cm;4x4 (colorido);Couché Fosco 90g;Couché Fosco 150g;630,40;1.014,06;1.192,32
16 Páginas;28 x 21 cm;1x1 (p/b);Offset 90g;Couché Fosco 115g;875,20;1.419,40;1.937,56
16 Páginas;28 x 21 cm;1x1 (p/b);Offset 90g;Couché Fosco 150g;881,71;1.434,58;1.954,51
16 Páginas;28 x 21 cm;1x1 (p/b);Reciclato 90g;Couché Fosco 115g;1.077,39;1.665,30;2.279,04
16 Páginas;28 x 21 cm;1x1 (p/b);Reciclato 90g;Couché Fosco 150g;1.083,91;1.680,49;2.295,99
16 Páginas;28 x 21 cm;1x1 (p/b);Couché Fosco 90g;Couché Fosco 115g;862,67;1.360,59;1.825,80
16 Páginas;28 x 21 cm;1x1 (p/b);Couché Fosco 90g;Couché Fosco 150g;869,18;1.375,77;1.842,76
16 Páginas;28 x 21 cm;4x4 (colorido);Offset 90g;Couché Fosco 115g;875,20;1.419,40;1.937,56
16 Páginas;28 x 21 cm;4x4 (colorido);Offset 90g;Couché Fosco 150g;881,71;1.434,58;1.954,51
16 Páginas;28 x 21 cm;4x4 (colorido);Reciclato 90g;Couché Fosco 115g;1.077,39;1.665,30;2.279,04
16 Páginas;28 x 21 cm;4x4 (colorido);Reciclato 90g;Couché Fosco 150g;1.083,91;1.680,49;2.295,99
16 Páginas;28 x 21 cm;4x4 (colorido);Couché Fosco 90g;Couché Fosco 115g;862,67;1.360,59;1.825,80
16 Páginas;28 x 21 cm;4x4 (colorido);Couché Fosco 90g;Couché Fosco 150g;869,18;1.375,77;1.842,76
16 Páginas;29,7 x 21 cm;1x1 (p/b);Offset 90g;Couché Fosco 115g;909,12;1.482,32;2.031,94
16 Páginas;29,7 x 21 cm;1x1 (p/b);Offset 90g;Couché Fosco 150g;915,74;1.497,72;2.049,21
16 Páginas;29,7 x 21 cm;1x1 (p/b);Reciclato 90g;Couché Fosco 115g;1.041,20;1.739,82;2.390,83
16 Páginas;29,7 x 21 cm;1x1 (p/b);Reciclato 90g;Couché Fosco 150g;1.047,35;1.755,23;2.408,09
16 Páginas;29,7 x 21 cm;1x1 (p/b);Couché Fosco 90g;Couché Fosco 115g;893,77;1.417,08;1.910,54
16 Páginas;29,7 x 21 cm;1x1 (p/b);Couché Fosco 90g;Couché Fosco 150g;900,40;1.432,48;1.927,81
16 Páginas;29,7 x 21 cm;4x4 (colorido);Offset 90g;Couché Fosco 115g;909,12;1.482,32;2.031,94
16 Páginas;29,7 x 21 cm;4x4 (colorido);Offset 90g;Couché Fosco 150g;915,74;1.497,72;2.049,21
16 Páginas;29,7 x 21 cm;4x4 (colorido);Reciclato 90g;Couché Fosco 115g;1.041,20;1.739,82;2.390,83
16 Páginas;29,7 x 21 cm;4x4 (colorido);Reciclato 90g;Couché Fosco 150g;1.047,35;1.755,23;2.408,09
16 Páginas;29,7 x 21 cm;4x4 (colorido);Couché Fosco 90g;Couché Fosco 115g;893,77;1.417,08;1.910,54
16 Páginas;29,7 x 21 cm;4x4 (colorido);Couché Fosco 90g;Couché Fosco 150g;900,40;1.432,48;1.927,81
16 Páginas;21 x 28 cm;1x1 (p/b);Offset 90g;Couché Fosco 115g;875,20;1.419,40;1.937,56
16 Páginas;21 x 28 cm;1x1 (p/b);Offset 90g;Couché Fosco 150g;881,71;1.434,58;1.954,51
16 Páginas;21 x 28 cm;1x1 (p/b);Reciclato 90g;Couché Fosco 115g;1.077,39;1.665,30;2.279,04
16 Páginas;21 x 28 cm;1x1 (p/b);Reciclato 90g;Couché Fosco 150g;1.083,91;1.680,49;2.295,99
16 Páginas;21 x 28 cm;1x1 (p/b);Couché Fosco 90g;Couché Fosco 115g;862,67;1.360,59;1.825,80
16 Páginas;21 x 28 cm;1x1 (p/b);Couché Fosco 90g;Couché Fosco 150g;869,18;1.375,77;1.842,76
16 Páginas;21 x 28 cm;4x4 (colorido);Offset 90g;Couché Fosco 115g;875,20;1.419,40;1.937,56
16 Páginas;21 x 28 cm;4x4 (colorido);Offset 90g;Couché Fosco 150g;881,71;1.434,58;1.954,51
16 Páginas;21 x 28 cm;4x4 (colorido);Reciclato 90g;Couché Fosco 115g;1.077,39;1.665,30;2.279,04
16 Páginas;21 x 28 cm;4x4 (colorido);Reciclato 90g;Couché Fosco 150g;1.083,91;1.680,49;2.295,99
16 Páginas;21 x 28 cm;4x4 (colorido);Couché Fosco 90g;Couché Fosco 115g;862,67;1.360,59;1.825,80
16 Páginas;21 x 28 cm;4x4 (colorido);Couché Fosco 90g;Couché Fosco 150g;869,18;1.375,77;1.842,76
16 Páginas;A4 (21,0 x 29,7 cm);1x1 (p/b);Offset 90g;Couché Fosco 115g;909,12;1.482,32;2.031,94
16 Páginas;A4 (21,0 x 29,7 cm);1x1 (p/b);Offset 90g;Couché Fosco 150g;915,74;1.497,72;2.049,21
16 Páginas;A4 (21,0 x 29,7 cm);1x1 (p/b);Reciclato 90g;Couché Fosco 115g;1.041,20;1.739,82;2.390,83
16 Páginas;A4 (21,0 x 29,7 cm);1x1 (p/b);Reciclato 90g;Couché Fosco 150g;1.047,35;1.755,23;2.408,09
16 Páginas;A4 (21,0 x 29,7 cm);1x1 (p/b);Couché Fosco 90g;Couché Fosco 115g;893,77;1.417,08;1.910,54
16 Páginas;A4 (21,0 x 29,7 cm);1x1 (p/b);Couché Fosco 90g;Couché Fosco 150g;900,40;1.432,48;1.927,81
16 Páginas;A4 (21,0 x 29,7 cm);4x4 (colorido);Offset 90g;Couché Fosco 115g;909,12;1.482,32;2.031,94
16 Páginas;A4 (21,0 x 29,7 cm);4x4 (colorido);Offset 90g;Couché Fosco 150g;915,74;1.497,72;2.049,21
16 Páginas;A4 (21,0 x 29,7 cm);4x4 (colorido);Reciclato 90g;Couché Fosco 115g;1.041,20;1.739,82;2.390,83
16 Páginas;A4 (21,0 x 29,7 cm);4x4 (colorido);Reciclato 90g;Couché Fosco 150g;1.047,35;1.755,23;2.408,09
16 Páginas;A4 (21,0 x 29,7 cm);4x4 (colorido);Couché Fosco 90g;Couché Fosco 115g;893,77;1.417,08;1.910,54
16 Páginas;A4 (21,0 x 29,7 cm);4x4 (colorido);Couché Fosco 90g;Couché Fosco 150g;900,40;1.432,48;1.927,81
16 Páginas;A5 (14,8 x 21,0 cm);1x1 (p/b);Offset 90g;Couché Fosco 115g;611,78;1.001,89;1.204,73
16 Páginas;A5 (14,8 x 21,0 cm);1x1 (p/b);Offset 90g;Couché Fosco 150g;617,39;1.016,45;1.219,19
16 Páginas;A5 (14,8 x 21,0 cm);1x1 (p/b);Reciclato 90g;Couché Fosco 115g;741,42;1.086,64;1.411,04
16 Páginas;A5 (14,8 x 21,0 cm);1x1 (p/b);Reciclato 90g;Couché Fosco 150g;747,04;1.100,16;1.425,50
16 Páginas;A5 (14,8 x 21,0 cm);1x1 (p/b);Couché Fosco 90g;Couché Fosco 115g;621,11;992,33;1.167,85
16 Páginas;A5 (14,8 x 21,0 cm);1x1 (p/b);Couché Fosco 90g;Couché Fosco 150g;626,73;1.006,88;1.182,31
16 Páginas;A5 (14,8 x 21,0 cm);4x4 (colorido);Offset 90g;Couché Fosco 115g;611,78;1.001,89;1.204,73
16 Páginas;A5 (14,8 x 21,0 cm);4x4 (colorido);Offset 90g;Couché Fosco 150g;617,39;1.016,45;1.219,19
16 Páginas;A5 (14,8 x 21,0 cm);4x4 (colorido);Reciclato 90g;Couché Fosco 115g;741,42;1.086,64;1.411,04
16 Páginas;A5 (14,8 x 21,0 cm);4x4 (colorido);Reciclato 90g;Couché Fosco 150g;747,04;1.100,16;1.425,50
16 Páginas;A5 (14,8 x 21,0 cm);4x4 (colorido);Couché Fosco 90g;Couché Fosco 115g;621,11;992,33;1.167,85
16 Páginas;A5 (14,8 x 21,0 cm);4x4 (colorido);Couché Fosco 90g;Couché Fosco 150g;626,73;1.006,88;1.182,31
20 Páginas;20 x 20 cm;1x1 (p/b);Offset 90g;Couché Fosco 115g;781,72;1.246,01;1.677,47
20 Páginas;20 x 20 cm;1x1 (p/b);Offset 90g;Couché Fosco 150g;787,62;1.260,06;1.692,73
20 Páginas;20 x 20 cm;1x1 (p/b);Reciclato 90g;Couché Fosco 115g;960,88;1.463,30;1.976,04
20 Páginas;20 x 20 cm;1x1 (p/b);Reciclato 90g;Couché Fosco 150g;966,78;1.477,36;1.991,30
20 Páginas;20 x 20 cm;1x1 (p/b);Couché Fosco 90g;Couché Fosco 115g;776,12;1.203,04;1.589,49
20 Páginas;20 x 20 cm;1x1 (p/b);Couché Fosco 90g;Couché Fosco 150g;782,03;1.217,10;1.604,75
20 Páginas;20 x 20 cm;4x4 (colorido);Offset 90g;Couché Fosco 115g;781,72;1.246,01;1.677,47
20 Páginas;20 x 20 cm;4x4 (colorido);Offset 90g;Couché Fosco 150g;787,62;1.260,06;1.692,73
20 Páginas;20 x 20 cm;4x4 (colorido);Reciclato 90g;Couché Fosco 115g;960,88;1.463,30;1.976,04
20 Páginas;20 x 20 cm;4x4 (colorido);Reciclato 90g;Couché Fosco 150g;966,78;1.477,36;1.991,30
20 Páginas;20 x 20 cm;4x4 (colorido);Couché Fosco 90g;Couché Fosco 115g;776,12;1.203,04;1.589,49
20 Páginas;20 x 20 cm;4x4 (colorido);Couché Fosco 90g;Couché Fosco 150g;782,03;1.217,10;1.604,75
20 Páginas;21 x 15 cm;1x1 (p/b);Offset 90g;Couché Fosco 115g;682,84;1.062,63;1.402,41
20 Páginas;21 x 15 cm;1x1 (p/b);Offset 90g;Couché Fosco 150g;688,47;1.076,17;1.416,90
20 Páginas;21 x 15 cm;1x1 (p/b);Reciclato 90g;Couché Fosco 115g;834,20;1.245,39;1.649,17
20 Páginas;21 x 15 cm;1x1 (p/b);Reciclato 90g;Couché Fosco 150g;839,82;1.258,93;1.663,66
20 Páginas;21 x 15 cm;1x1 (p/b);Couché Fosco 90g;Couché Fosco 115g;685,63;1.038,81;1.343,13
20 Páginas;21 x 15 cm;1x1 (p/b);Couché Fosco 90g;Couché Fosco 150g;691,26;1.052,36;1.357,62
20 Páginas;21 x 15 cm;4x4 (colorido);Offset 90g;Couché Fosco 115g;682,84;1.062,63;1.402,41
20 Páginas;21 x 15 cm;4x4 (colorido);Offset 90g;Couché Fosco 150g;688,47;1.076,17;1.416,90
20 Páginas;21 x 15 cm;4x4 (colorido);Reciclato 90g;Couché Fosco 115g;834,20;1.245,39;1.649,17
20 Páginas;21 x 15 cm;4x4 (colorido);Reciclato 90g;Couché Fosco 150g;839,82;1.258,93;1.663,66
20 Páginas;21 x 15 cm;4x4 (colorido);Couché Fosco 90g;Couché Fosco 115g;685,63;1.038,81;1.343,13
20 Páginas;21 x 15 cm;4x4 (colorido);Couché Fosco 90g;Couché Fosco 150g;691,26;1.052,36;1.357,62
20 Páginas;28 x 21 cm;1x1 (p/b);Offset 90g;Couché Fosco 115g;1.000,41;1.651,58;2.285,84
20 Páginas;28 x 21 cm;1x1 (p/b);Offset 90g;Couché Fosco 150g;1.006,91;1.666,76;2.302,79
20 Páginas;28 x 21 cm;1x1 (p/b);Reciclato 90g;Couché Fosco 115g;1.153,06;1.945,27;2.698,99
20 Páginas;28 x 21 cm;1x1 (p/b);Reciclato 90g;Couché Fosco 150g;1.159,12;1.960,46;2.715,94
20 Páginas;28 x 21 cm;1x1 (p/b);Couché Fosco 90g;Couché Fosco 115g;976,28;1.566,31;2.134,38
20 Páginas;28 x 21 cm;1x1 (p/b);Couché Fosco 90g;Couché Fosco 150g;982,78;1.581,49;2.151,33
20 Páginas;28 x 21 cm;4x4 (colorido);Offset 90g;Couché Fosco 115g;1.000,41;1.651,58;2.285,84
20 Páginas;28 x 21 cm;4x4 (colorido);Offset 90g;Couché Fosco 150g;1.006,91;1.666,76;2.302,79
20 Páginas;28 x 21 cm;4x4 (colorido);Reciclato 90g;Couché Fosco 115g;1.153,06;1.945,27;2.698,99
20 Páginas;28 x 21 cm;4x4 (colorido);Reciclato 90g;Couché Fosco 150g;1.159,12;1.960,46;2.715,94
20 Páginas;28 x 21 cm;4x4 (colorido);Couché Fosco 90g;Couché Fosco 115g;976,28;1.566,31;2.134,38
20 Páginas;28 x 21 cm;4x4 (colorido);Couché Fosco 90g;Couché Fosco 150g;982,78;1.581,49;2.151,33
20 Páginas;29,7 x 21 cm;1x1 (p/b);Offset 90g;Couché Fosco 115g;1.041,92;1.728,59;2.401,37
20 Páginas;29,7 x 21 cm;1x1 (p/b);Offset 90g;Couché Fosco 150g;1.048,55;1.744,00;2.418,64
20 Páginas;29,7 x 21 cm;1x1 (p/b);Reciclato 90g;Couché Fosco 115g;1.202,50;2.036,80;2.836,28
20 Páginas;29,7 x 21 cm;1x1 (p/b);Reciclato 90g;Couché Fosco 150g;1.208,65;2.052,20;2.853,55
20 Páginas;29,7 x 21 cm;1x1 (p/b);Couché Fosco 90g;Couché Fosco 115g;1.014,29;1.635,28;2.237,85
20 Páginas;29,7 x 21 cm;1x1 (p/b);Couché Fosco 90g;Couché Fosco 150g;1.020,90;1.650,68;2.255,12
20 Páginas;29,7 x 21 cm;4x4 (colorido);Offset 90g;Couché Fosco 115g;1.041,92;1.728,59;2.401,37
20 Páginas;29,7 x 21 cm;4x4 (colorido);Offset 90g;Couché Fosco 150g;1.048,55;1.744,00;2.418,64
20 Páginas;29,7 x 21 cm;4x4 (colorido);Reciclato 90g;Couché Fosco 115g;1.202,50;2.036,80;2.836,28
20 Páginas;29,7 x 21 cm;4x4 (colorido);Reciclato 90g;Couché Fosco 150g;1.208,65;2.052,20;2.853,55
20 Páginas;29,7 x 21 cm;4x4 (colorido);Couché Fosco 90g;Couché Fosco 115g;1.014,29;1.635,28;2.237,85
20 Páginas;29,7 x 21 cm;4x4 (colorido);Couché Fosco 90g;Couché Fosco 150g;1.020,90;1.650,68;2.255,12
20 Páginas;21 x 28 cm;1x1 (p/b);Offset 90g;Couché Fosco 115g;1.000,41;1.651,58;2.285,84
20 Páginas;21 x 28 cm;1x1 (p/b);Offset 90g;Couché Fosco 150g;1.006,91;1.666,76;2.302,79
20 Páginas;21 x 28 cm;1x1 (p/b);Reciclato 90g;Couché Fosco 115g;1.153,06;1.945,27;2.698,99
20 Páginas;21 x 28 cm;1x1 (p/b);Reciclato 90g;Couché Fosco 150g;1.159,12;1.960,46;2.715,94
20 Páginas;21 x 28 cm;1x1 (p/b);Couché Fosco 90g;Couché Fosco 115g;976,28;1.566,31;2.134,38
20 Páginas;21 x 28 cm;1x1 (p/b);Couché Fosco 90g;Couché Fosco 150g;982,78;1.581,49;2.151,33
20 Páginas;21 x 28 cm;4x4 (colorido);Offset 90g;Couché Fosco 115g;1.000,41;1.651,58;2.285,84
20 Páginas;21 x 28 cm;4x4 (colorido);Offset 90g;Couché Fosco 150g;1.006,91;1.666,76;2.302,79
20 Páginas;21 x 28 cm;4x4 (colorido);Reciclato 90g;Couché Fosco 115g;1.153,06;1.945,27;2.698,99
20 Páginas;21 x 28 cm;4x4 (colorido);Reciclato 90g;Couché Fosco 150g;1.159,12;1.960,46;2.715,94
20 Páginas;21 x 28 cm;4x4 (colorido);Couché Fosco 90g;Couché Fosco 115g;976,28;1.566,31;2.134,38
20 Páginas;21 x 28 cm;4x4 (colorido);Couché Fosco 90g;Couché Fosco 150g;982,78;1.581,49;2.151,33
20 Páginas;A4 (21,0 x 29,7 cm);1x1 (p/b);Offset 90g;Couché Fosco 115g;1.041,92;1.728,59;2.401,37
20 Páginas;A4 (21,0 x 29,7 cm);1x1 (p/b);Offset 90g;Couché Fosco 150g;1.048,55;1.744,00;2.418,64
20 Páginas;A4 (21,0 x 29,7 cm);1x1 (p/b);Reciclato 90g;Couché Fosco 115g;1.202,50;2.036,80;2.836,28
20 Páginas;A4 (21,0 x 29,7 cm);1x1 (p/b);Reciclato 90g;Couché Fosco 150g;1.208,65;2.052,20;2.853,55
20 Páginas;A4 (21,0 x 29,7 cm);1x1 (p/b);Couché Fosco 90g;Couché Fosco 115g;1.014,29;1.635,28;2.237,85
20 Páginas;A4 (21,0 x 29,7 cm);1x1 (p/b);Couché Fosco 90g;Couché Fosco 150g;1.020,90;1.650,68;2.255,12
20 Páginas;A4 (21,0 x 29,7 cm);4x4 (colorido);Offset 90g;Couché Fosco 115g;1.041,92;1.728,59;2.401,37
20 Páginas;A4 (21,0 x 29,7 cm);4x4 (colorido);Offset 90g;Couché Fosco 150g;1.048,55;1.744,00;2.418,64
20 Páginas;A4 (21,0 x 29,7 cm);4x4 (colorido);Reciclato 90g;Couché Fosco 115g;1.202,50;2.036,80;2.836,28
20 Páginas;A4 (21,0 x 29,7 cm);4x4 (colorido);Reciclato 90g;Couché Fosco 150g;1.208,65;2.052,20;2.853,55
20 Páginas;A4 (21,0 x 29,7 cm);4x4 (colorido);Couché Fosco 90g;Couché Fosco 115g;1.014,29;1.635,28;2.237,85
20 Páginas;A4 (21,0 x 29,7 cm);4x4 (colorido);Couché Fosco 90g;Couché Fosco 150g;1.020,90;1.650,68;2.255,12
20 Páginas;A5 (14,8 x 21,0 cm);1x1 (p/b);Offset 90g;Couché Fosco 115g;677,96;1.053,57;1.388,81
20 Páginas;A5 (14,8 x 21,0 cm);1x1 (p/b);Offset 90g;Couché Fosco 150g;683,57;1.067,10;1.403,27
20 Páginas;A5 (14,8 x 21,0 cm);1x1 (p/b);Reciclato 90g;Couché Fosco 115g;827,94;1.234,62;1.633,02
20 Páginas;A5 (14,8 x 21,0 cm);1x1 (p/b);Reciclato 90g;Couché Fosco 150g;833,55;1.248,15;1.647,47
20 Páginas;A5 (14,8 x 21,0 cm);1x1 (p/b);Couché Fosco 90g;Couché Fosco 115g;681,17;1.109,37;1.330,96
20 Páginas;A5 (14,8 x 21,0 cm);1x1 (p/b);Couché Fosco 90g;Couché Fosco 150g;686,77;1.044,21;1.345,42
20 Páginas;A5 (14,8 x 21,0 cm);4x4 (colorido);Offset 90g;Couché Fosco 115g;677,96;1.053,57;1.388,81
20 Páginas;A5 (14,8 x 21,0 cm);4x4 (colorido);Offset 90g;Couché Fosco 150g;683,57;1.067,10;1.403,27
20 Páginas;A5 (14,8 x 21,0 cm);4x4 (colorido);Reciclato 90g;Couché Fosco 115g;827,94;1.234,62;1.633,02
20 Páginas;A5 (14,8 x 21,0 cm);4x4 (colorido);Reciclato 90g;Couché Fosco 150g;833,55;1.248,15;1.647,47
20 Páginas;A5 (14,8 x 21,0 cm);4x4 (colorido);Couché Fosco 90g;Couché Fosco 115g;681,17;1.109,37;1.330,96
20 Páginas;A5 (14,8 x 21,0 cm);4x4 (colorido);Couché Fosco 90g;Couché Fosco 150g;686,77;1.044,21;1.345,42
24 Páginas;20 x 20 cm;1x1 (p/b);Offset 90g;Couché Fosco 115g;866,89;1.403,96;1.914,40
24 Páginas;20 x 20 cm;1x1 (p/b);Offset 90g;Couché Fosco 150g;872,79;1.418,01;1.929,65
24 Páginas;20 x 20 cm;1x1 (p/b);Reciclato 90g;Couché Fosco 115g;1.072,23;1.653,76;2.261,72
24 Páginas;20 x 20 cm;1x1 (p/b);Reciclato 90g;Couché Fosco 150g;1.078,13;1.667,82;2.276,98
24 Páginas;20 x 20 cm;1x1 (p/b);Couché Fosco 90g;Couché Fosco 115g;853,41;1.342,98;1.799,40
24 Páginas;20 x 20 cm;1x1 (p/b);Couché Fosco 90g;Couché Fosco 150g;859,32;1.357,04;1.814,66
24 Páginas;20 x 20 cm;4x4 (colorido);Offset 90g;Couché Fosco 115g;866,89;1.403,96;1.914,40
24 Páginas;20 x 20 cm;4x4 (colorido);Offset 90g;Couché Fosco 150g;872,79;1.418,01;1.929,65
24 Páginas;20 x 20 cm;4x4 (colorido);Reciclato 90g;Couché Fosco 115g;1.072,23;1.653,76;2.261,72
24 Páginas;20 x 20 cm;4x4 (colorido);Reciclato 90g;Couché Fosco 150g;1.078,13;1.667,82;2.276,98
24 Páginas;20 x 20 cm;4x4 (colorido);Couché Fosco 90g;Couché Fosco 115g;853,41;1.342,98;1.799,40
24 Páginas;20 x 20 cm;4x4 (colorido);Couché Fosco 90g;Couché Fosco 150g;859,32;1.357,04;1.814,66
24 Páginas;21 x 15 cm;1x1 (p/b);Offset 90g;Couché Fosco 115g;749,91;1.187,01;1.588,98
24 Páginas;21 x 15 cm;1x1 (p/b);Offset 90g;Couché Fosco 150g;755,54;1.200,56;1.603,48
24 Páginas;21 x 15 cm;1x1 (p/b);Reciclato 90g;Couché Fosco 115g;921,88;1.395,38;1.874,15
24 Páginas;21 x 15 cm;1x1 (p/b);Reciclato 90g;Couché Fosco 150g;927,51;1.408,92;1.888,64
24 Páginas;21 x 15 cm;1x1 (p/b);Couché Fosco 90g;Couché Fosco 115g;746,49;1.149,01;1.508,44
24 Páginas;21 x 15 cm;1x1 (p/b);Couché Fosco 90g;Couché Fosco 150g;752,12;1.162,55;1.522,93
24 Páginas;21 x 15 cm;4x4 (colorido);Offset 90g;Couché Fosco 115g;749,91;1.187,01;1.588,98
24 Páginas;21 x 15 cm;4x4 (colorido);Offset 90g;Couché Fosco 150g;755,54;1.200,56;1.603,48
24 Páginas;21 x 15 cm;4x4 (colorido);Reciclato 90g;Couché Fosco 115g;921,88;1.395,38;1.874,15
24 Páginas;21 x 15 cm;4x4 (colorido);Reciclato 90g;Couché Fosco 150g;927,51;1.408,92;1.888,64
24 Páginas;21 x 15 cm;4x4 (colorido);Couché Fosco 90g;Couché Fosco 115g;746,49;1.149,01;1.508,44
24 Páginas;21 x 15 cm;4x4 (colorido);Couché Fosco 90g;Couché Fosco 150g;752,12;1.162,55;1.522,93
24 Páginas;28 x 21 cm;1x1 (p/b);Offset 90g;Couché Fosco 115g;1.045,78;1.883,77;2.634,12
24 Páginas;28 x 21 cm;1x1 (p/b);Offset 90g;Couché Fosco 150g;1.051,83;1.898,96;2.651,07
24 Páginas;28 x 21 cm;1x1 (p/b);Reciclato 90g;Couché Fosco 115g;1.305,14;2.225,24;3.118,95
24 Páginas;28 x 21 cm;1x1 (p/b);Reciclato 90g;Couché Fosco 150g;1.311,19;2.240,43;3.135,91
24 Páginas;28 x 21 cm;1x1 (p/b);Couché Fosco 90g;Couché Fosco 115g;1.089,88;1.772,01;2.442,94
24 Páginas;28 x 21 cm;1x1 (p/b);Couché Fosco 90g;Couché Fosco 150g;1.096,40;1.787,20;2.459,89
24 Páginas;28 x 21 cm;4x4 (colorido);Offset 90g;Couché Fosco 115g;1.045,78;1.883,77;2.634,12
24 Páginas;28 x 21 cm;4x4 (colorido);Offset 90g;Couché Fosco 150g;1.051,83;1.898,96;2.651,07
24 Páginas;28 x 21 cm;4x4 (colorido);Reciclato 90g;Couché Fosco 115g;1.305,14;2.225,24;3.118,95
24 Páginas;28 x 21 cm;4x4 (colorido);Reciclato 90g;Couché Fosco 150g;1.311,19;2.240,43;3.135,91
24 Páginas;28 x 21 cm;4x4 (colorido);Couché Fosco 90g;Couché Fosco 115g;1.089,88;1.772,01;2.442,94
24 Páginas;28 x 21 cm;4x4 (colorido);Couché Fosco 90g;Couché Fosco 150g;1.096,40;1.787,20;2.459,89
24 Páginas;29,7 x 21 cm;1x1 (p/b);Offset 90g;Couché Fosco 115g;1.091,43;1.974,88;2.770,79
24 Páginas;29,7 x 21 cm;1x1 (p/b);Offset 90g;Couché Fosco 150g;1.097,58;1.990,28;2.788,06
24 Páginas;29,7 x 21 cm;1x1 (p/b);Reciclato 90g;Couché Fosco 115g;1.363,81;2.333,77;3.281,74
24 Páginas;29,7 x 21 cm;1x1 (p/b);Reciclato 90g;Couché Fosco 150g;1.369,96;2.349,17;3.299,00
24 Páginas;29,7 x 21 cm;1x1 (p/b);Couché Fosco 90g;Couché Fosco 115g;1.054,31;1.853,49;2.565,14
24 Páginas;29,7 x 21 cm;1x1 (p/b);Couché Fosco 90g;Couché Fosco 150g;1.060,47;1.868,89;2.582,42
24 Páginas;29,7 x 21 cm;4x4 (colorido);Offset 90g;Couché Fosco 115g;1.091,43;1.974,88;2.770,79
24 Páginas;29,7 x 21 cm;4x4 (colorido);Offset 90g;Couché Fosco 150g;1.097,58;1.990,28;2.788,06
24 Páginas;29,7 x 21 cm;4x4 (colorido);Reciclato 90g;Couché Fosco 115g;1.363,81;2.333,77;3.281,74
24 Páginas;29,7 x 21 cm;4x4 (colorido);Reciclato 90g;Couché Fosco 150g;1.369,96;2.349,17;3.299,00
24 Páginas;29,7 x 21 cm;4x4 (colorido);Couché Fosco 90g;Couché Fosco 115g;1.054,31;1.853,49;2.565,14
24 Páginas;29,7 x 21 cm;4x4 (colorido);Couché Fosco 90g;Couché Fosco 150g;1.060,47;1.868,89;2.582,42
24 Páginas;21 x 28 cm;1x1 (p/b);Offset 90g;Couché Fosco 115g;1.045,78;1.883,77;2.634,12
24 Páginas;21 x 28 cm;1x1 (p/b);Offset 90g;Couché Fosco 150g;1.051,83;1.898,96;2.651,07
24 Páginas;21 x 28 cm;1x1 (p/b);Reciclato 90g;Couché Fosco 115g;1.305,14;2.225,24;3.118,95
24 Páginas;21 x 28 cm;1x1 (p/b);Reciclato 90g;Couché Fosco 150g;1.311,19;2.240,43;3.135,91
24 Páginas;21 x 28 cm;1x1 (p/b);Couché Fosco 90g;Couché Fosco 115g;1.089,88;1.772,01;2.442,94
24 Páginas;21 x 28 cm;1x1 (p/b);Couché Fosco 90g;Couché Fosco 150g;1.096,40;1.787,20;2.459,89
24 Páginas;21 x 28 cm;4x4 (colorido);Offset 90g;Couché Fosco 115g;1.045,78;1.883,77;2.634,12
24 Páginas;21 x 28 cm;4x4 (colorido);Offset 90g;Couché Fosco 150g;1.051,83;1.898,96;2.651,07
24 Páginas;21 x 28 cm;4x4 (colorido);Reciclato 90g;Couché Fosco 115g;1.305,14;2.225,24;3.118,95
24 Páginas;21 x 28 cm;4x4 (colorido);Reciclato 90g;Couché Fosco 150g;1.311,19;2.240,43;3.135,91
24 Páginas;21 x 28 cm;4x4 (colorido);Couché Fosco 90g;Couché Fosco 115g;1.089,88;1.772,01;2.442,94
24 Páginas;21 x 28 cm;4x4 (colorido);Couché Fosco 90g;Couché Fosco 150g;1.096,40;1.787,20;2.459,89
24 Páginas;A4 (21,0 x 29,7 cm);1x1 (p/b);Offset 90g;Couché Fosco 115g;1.091,43;1.974,88;2.770,79
24 Páginas;A4 (21,0 x 29,7 cm);1x1 (p/b);Offset 90g;Couché Fosco 150g;1.097,58;1.990,28;2.788,06
24 Páginas;A4 (21,0 x 29,7 cm);1x1 (p/b);Reciclato 90g;Couché Fosco 115g;1.363,81;2.333,77;3.281,74
24 Páginas;A4 (21,0 x 29,7 cm);1x1 (p/b);Reciclato 90g;Couché Fosco 150g;1.369,96;2.349,17;3.299,00
24 Páginas;A4 (21,0 x 29,7 cm);1x1 (p/b);Couché Fosco 90g;Couché Fosco 115g;1.054,31;1.853,49;2.565,14
24 Páginas;A4 (21,0 x 29,7 cm);1x1 (p/b);Couché Fosco 90g;Couché Fosco 150g;1.060,47;1.868,89;2.582,42
24 Páginas;A4 (21,0 x 29,7 cm);4x4 (colorido);Offset 90g;Couché Fosco 115g;1.091,43;1.974,88;2.770,79
24 Páginas;A4 (21,0 x 29,7 cm);4x4 (colorido);Offset 90g;Couché Fosco 150g;1.097,58;1.990,28;2.788,06
24 Páginas;A4 (21,0 x 29,7 cm);4x4 (colorido);Reciclato 90g;Couché Fosco 115g;1.363,81;2.333,77;3.281,74
24 Páginas;A4 (21,0 x 29,7 cm);4x4 (colorido);Reciclato 90g;Couché Fosco 150g;1.369,96;2.349,17;3.299,00
24 Páginas;A4 (21,0 x 29,7 cm);4x4 (colorido);Couché Fosco 90g;Couché Fosco 115g;1.054,31;1.853,49;2.565,14
24 Páginas;A4 (21,0 x 29,7 cm);4x4 (colorido);Couché Fosco 90g;Couché Fosco 150g;1.060,47;1.868,89;2.582,42
24 Páginas;A5 (14,8 x 21,0 cm);1x1 (p/b);Offset 90g;Couché Fosco 115g;744,14;1.176,30;1.572,91
24 Páginas;A5 (14,8 x 21,0 cm);1x1 (p/b);Offset 90g;Couché Fosco 150g;749,74;1.189,82;1.587,36
24 Páginas;A5 (14,8 x 21,0 cm);1x1 (p/b);Reciclato 90g;Couché Fosco 115g;914,46;1.382,60;1.855,00
24 Páginas;A5 (14,8 x 21,0 cm);1x1 (p/b);Reciclato 90g;Couché Fosco 150g;920,06;1.396,13;1.869,45
24 Páginas;A5 (14,8 x 21,0 cm);1x1 (p/b);Couché Fosco 90g;Couché Fosco 115g;741,21;1.139,42;1.494,05
24 Páginas;A5 (14,8 x 21,0 cm);1x1 (p/b);Couché Fosco 90g;Couché Fosco 150g;746,83;1.152,95;1.508,51
24 Páginas;A5 (14,8 x 21,0 cm);4x4 (colorido);Offset 90g;Couché Fosco 115g;744,14;1.176,30;1.572,91
24 Páginas;A5 (14,8 x 21,0 cm);4x4 (colorido);Offset 90g;Couché Fosco 150g;749,74;1.189,82;1.587,36
24 Páginas;A5 (14,8 x 21,0 cm);4x4 (colorido);Reciclato 90g;Couché Fosco 115g;914,46;1.382,60;1.855,00
24 Páginas;A5 (14,8 x 21,0 cm);4x4 (colorido);Reciclato 90g;Couché Fosco 150g;920,06;1.396,13;1.869,45
24 Páginas;A5 (14,8 x 21,0 cm);4x4 (colorido);Couché Fosco 90g;Couché Fosco 115g;741,21;1.139,42;1.494,05
24 Páginas;A5 (14,8 x 21,0 cm);4x4 (colorido);Couché Fosco 90g;Couché Fosco 150g;746,83;1.152,95;1.508,51
32 Páginas;20 x 20 cm;1x1 (p/b);Offset 90g;Couché Fosco 115g;1.037,23;1.719,85;2.388,24
32 Páginas;20 x 20 cm;1x1 (p/b);Offset 90g;Couché Fosco 150g;1.043,14;1.733,90;2.403,50
32 Páginas;20 x 20 cm;1x1 (p/b);Reciclato 90g;Couché Fosco 115g;1.203,09;2.034,68;2.833,10
32 Páginas;20 x 20 cm;1x1 (p/b);Reciclato 90g;Couché Fosco 150g;1.208,58;2.048,73;2.848,35
32 Páginas;20 x 20 cm;1x1 (p/b);Couché Fosco 90g;Couché Fosco 115g;1.007,98;1.622,87;2.219,22
32 Páginas;20 x 20 cm;1x1 (p/b);Couché Fosco 90g;Couché Fosco 150g;1.013,88;1.636,92;2.234,48
32 Páginas;20 x 20 cm;4x4 (colorido);Offset 90g;Couché Fosco 115g;1.037,23;1.719,85;2.388,24
32 Páginas;20 x 20 cm;4x4 (colorido);Offset 90g;Couché Fosco 150g;1.043,14;1.733,90;2.403,50
32 Páginas;20 x 20 cm;4x4 (colorido);Reciclato 90g;Couché Fosco 115g;1.203,09;2.034,68;2.833,10
32 Páginas;20 x 20 cm;4x4 (colorido);Reciclato 90g;Couché Fosco 150g;1.208,58;2.048,73;2.848,35
32 Páginas;20 x 20 cm;4x4 (colorido);Couché Fosco 90g;Couché Fosco 115g;1.007,98;1.622,87;2.219,22
32 Páginas;20 x 20 cm;4x4 (colorido);Couché Fosco 90g;Couché Fosco 150g;1.013,88;1.636,92;2.234,48
32 Páginas;21 x 15 cm;1x1 (p/b);Offset 90g;Couché Fosco 115g;884,06;1.435,78;1.962,14
32 Páginas;21 x 15 cm;1x1 (p/b);Offset 90g;Couché Fosco 150g;889,68;1.449,33;1.976,63
32 Páginas;21 x 15 cm;1x1 (p/b);Reciclato 90g;Couché Fosco 115g;1.097,26;1.695,34;2.324,10
32 Páginas;21 x 15 cm;1x1 (p/b);Reciclato 90g;Couché Fosco 150g;1.102,88;1.708,89;2.338,59
32 Páginas;21 x 15 cm;1x1 (p/b);Couché Fosco 90g;Couché Fosco 115g;868,22;1.369,42;1.839,04
32 Páginas;21 x 15 cm;1x1 (p/b);Couché Fosco 90g;Couché Fosco 150g;873,84;1.382,97;1.853,54
32 Páginas;21 x 15 cm;4x4 (colorido);Offset 90g;Couché Fosco 115g;884,06;1.435,78;1.962,14
32 Páginas;21 x 15 cm;4x4 (colorido);Offset 90g;Couché Fosco 150g;889,68;1.449,33;1.976,63
32 Páginas;21 x 15 cm;4x4 (colorido);Reciclato 90g;Couché Fosco 115g;1.097,26;1.695,34;2.324,10
32 Páginas;21 x 15 cm;4x4 (colorido);Reciclato 90g;Couché Fosco 150g;1.102,88;1.708,89;2.338,59
32 Páginas;21 x 15 cm;4x4 (colorido);Couché Fosco 90g;Couché Fosco 115g;868,22;1.369,42;1.839,04
32 Páginas;21 x 15 cm;4x4 (colorido);Couché Fosco 90g;Couché Fosco 150g;873,84;1.382,97;1.853,54
32 Páginas;28 x 21 cm;1x1 (p/b);Offset 90g;Couché Fosco 115g;1.278,43;2.348,14;3.330,67
32 Páginas;28 x 21 cm;1x1 (p/b);Offset 90g;Couché Fosco 150g;1.284,48;2.363,33;3.347,62
32 Páginas;28 x 21 cm;1x1 (p/b);Reciclato 90g;Couché Fosco 115g;1.609,28;2.785,19;3.958,86
32 Páginas;28 x 21 cm;1x1 (p/b);Reciclato 90g;Couché Fosco 150g;1.615,32;2.800,37;3.975,82
32 Páginas;28 x 21 cm;1x1 (p/b);Couché Fosco 90g;Couché Fosco 115g;1.223,70;2.183,44;3.060,08
32 Páginas;28 x 21 cm;1x1 (p/b);Couché Fosco 90g;Couché Fosco 150g;1.229,75;2.198,63;3.077,03
32 Páginas;28 x 21 cm;4x4 (colorido);Offset 90g;Couché Fosco 115g;1.278,43;2.348,14;3.330,67
32 Páginas;28 x 21 cm;4x4 (colorido);Offset 90g;Couché Fosco 150g;1.284,48;2.363,33;3.347,62
32 Páginas;28 x 21 cm;4x4 (colorido);Reciclato 90g;Couché Fosco 115g;1.609,28;2.785,19;3.958,86
32 Páginas;28 x 21 cm;4x4 (colorido);Reciclato 90g;Couché Fosco 150g;1.615,32;2.800,37;3.975,82
32 Páginas;28 x 21 cm;4x4 (colorido);Couché Fosco 90g;Couché Fosco 115g;1.223,70;2.183,44;3.060,08
32 Páginas;28 x 21 cm;4x4 (colorido);Couché Fosco 90g;Couché Fosco 150g;1.229,75;2.198,63;3.077,03
32 Páginas;29,7 x 21 cm;1x1 (p/b);Offset 90g;Couché Fosco 115g;1.338,20;2.467,45;3.509,63
32 Páginas;29,7 x 21 cm;1x1 (p/b);Offset 90g;Couché Fosco 150g;1.344,35;2.482,85;3.526,91
32 Páginas;29,7 x 21 cm;1x1 (p/b);Reciclato 90g;Couché Fosco 115g;1.686,42;2.927,70;4.172,64
32 Páginas;29,7 x 21 cm;1x1 (p/b);Reciclato 90g;Couché Fosco 150g;1.692,57;2.943,11;4.189,92
32 Páginas;29,7 x 21 cm;1x1 (p/b);Couché Fosco 90g;Couché Fosco 115g;1.278,24;2.289,89;3.219,75
32 Páginas;29,7 x 21 cm;1x1 (p/b);Couché Fosco 90g;Couché Fosco 150g;1.284,39;2.305,29;3.237,02
32 Páginas;29,7 x 21 cm;4x4 (colorido);Offset 90g;Couché Fosco 115g;1.338,20;2.467,45;3.509,63
32 Páginas;29,7 x 21 cm;4x4 (colorido);Offset 90g;Couché Fosco 150g;1.344,35;2.482,85;3.526,91
32 Páginas;29,7 x 21 cm;4x4 (colorido);Reciclato 90g;Couché Fosco 115g;1.686,42;2.927,70;4.172,64
32 Páginas;29,7 x 21 cm;4x4 (colorido);Reciclato 90g;Couché Fosco 150g;1.692,57;2.943,11;4.189,92
32 Páginas;29,7 x 21 cm;4x4 (colorido);Couché Fosco 90g;Couché Fosco 115g;1.278,24;2.289,89;3.219,75
32 Páginas;29,7 x 21 cm;4x4 (colorido);Couché Fosco 90g;Couché Fosco 150g;1.284,39;2.305,29;3.237,02
32 Páginas;21 x 28 cm;1x1 (p/b);Offset 90g;Couché Fosco 115g;1.278,43;2.348,14;3.330,67
32 Páginas;21 x 28 cm;1x1 (p/b);Offset 90g;Couché Fosco 150g;1.284,48;2.363,33;3.347,62
32 Páginas;21 x 28 cm;1x1 (p/b);Reciclato 90g;Couché Fosco 115g;1.609,28;2.785,19;3.958,86
32 Páginas;21 x 28 cm;1x1 (p/b);Reciclato 90g;Couché Fosco 150g;1.615,32;2.800,37;3.975,82
32 Páginas;21 x 28 cm;1x1 (p/b);Couché Fosco 90g;Couché Fosco 115g;1.223,70;2.183,44;3.060,08
32 Páginas;21 x 28 cm;1x1 (p/b);Couché Fosco 90g;Couché Fosco 150g;1.229,75;2.198,63;3.077,03
32 Páginas;21 x 28 cm;4x4 (colorido);Offset 90g;Couché Fosco 115g;1.278,43;2.348,14;3.330,67
32 Páginas;21 x 28 cm;4x4 (colorido);Offset 90g;Couché Fosco 150g;1.284,48;2.363,33;3.347,62
32 Páginas;21 x 28 cm;4x4 (colorido);Reciclato 90g;Couché Fosco 115g;1.609,28;2.785,19;3.958,86
32 Páginas;21 x 28 cm;4x4 (colorido);Reciclato 90g;Couché Fosco 150g;1.615,32;2.800,37;3.975,82
32 Páginas;21 x 28 cm;4x4 (colorido);Couché Fosco 90g;Couché Fosco 115g;1.223,70;2.183,44;3.060,08
32 Páginas;21 x 28 cm;4x4 (colorido);Couché Fosco 90g;Couché Fosco 150g;1.229,75;2.198,63;3.077,03
32 Páginas;A4 (21,0 x 29,7 cm);1x1 (p/b);Offset 90g;Couché Fosco 115g;1.338,20;2.467,45;3.509,63
32 Páginas;A4 (21,0 x 29,7 cm);1x1 (p/b);Offset 90g;Couché Fosco 150g;1.344,35;2.482,85;3.526,91
32 Páginas;A4 (21,0 x 29,7 cm);1x1 (p/b);Reciclato 90g;Couché Fosco 115g;1.686,42;2.927,70;4.172,64
32 Páginas;A4 (21,0 x 29,7 cm);1x1 (p/b);Reciclato 90g;Couché Fosco 150g;1.692,57;2.943,11;4.189,92
32 Páginas;A4 (21,0 x 29,7 cm);1x1 (p/b);Couché Fosco 90g;Couché Fosco 115g;1.278,24;2.289,89;3.219,75
32 Páginas;A4 (21,0 x 29,7 cm);1x1 (p/b);Couché Fosco 90g;Couché Fosco 150g;1.284,39;2.305,29;3.237,02
32 Páginas;A4 (21,0 x 29,7 cm);4x4 (colorido);Offset 90g;Couché Fosco 115g;1.338,20;2.467,45;3.509,63
32 Páginas;A4 (21,0 x 29,7 cm);4x4 (colorido);Offset 90g;Couché Fosco 150g;1.344,35;2.482,85;3.526,91
32 Páginas;A4 (21,0 x 29,7 cm);4x4 (colorido);Reciclato 90g;Couché Fosco 115g;1.686,42;2.927,70;4.172,64
32 Páginas;A4 (21,0 x 29,7 cm);4x4 (colorido);Reciclato 90g;Couché Fosco 150g;1.692,57;2.943,11;4.189,92
32 Páginas;A4 (21,0 x 29,7 cm);4x4 (colorido);Couché Fosco 90g;Couché Fosco 115g;1.278,24;2.289,89;3.219,75
32 Páginas;A4 (21,0 x 29,7 cm);4x4 (colorido);Couché Fosco 90g;Couché Fosco 150g;1.284,39;2.305,29;3.237,02
32 Páginas;A5 (14,8 x 21,0 cm);1x1 (p/b);Offset 90g;Couché Fosco 115g;876,50;1.421,75;1.941,09
32 Páginas;A5 (14,8 x 21,0 cm);1x1 (p/b);Offset 90g;Couché Fosco 150g;882,11;1.435,28;1.955,54
32 Páginas;A5 (14,8 x 21,0 cm);1x1 (p/b);Reciclato 90g;Couché Fosco 115g;1.087,49;1.678,57;2.298,95
32 Páginas;A5 (14,8 x 21,0 cm);1x1 (p/b);Reciclato 90g;Couché Fosco 150g;1.093,10;1.692,10;2.313,40
32 Páginas;A5 (14,8 x 21,0 cm);1x1 (p/b);Couché Fosco 90g;Couché Fosco 115g;861,31;1.356,90;1.820,25
32 Páginas;A5 (14,8 x 21,0 cm);1x1 (p/b);Couché Fosco 90g;Couché Fosco 150g;866,93;1.370,41;1.834,71
32 Páginas;A5 (14,8 x 21,0 cm);4x4 (colorido);Offset 90g;Couché Fosco 115g;876,50;1.421,75;1.941,09
32 Páginas;A5 (14,8 x 21,0 cm);4x4 (colorido);Offset 90g;Couché Fosco 150g;882,11;1.435,28;1.955,54
32 Páginas;A5 (14,8 x 21,0 cm);4x4 (colorido);Reciclato 90g;Couché Fosco 115g;1.087,49;1.678,57;2.298,95
32 Páginas;A5 (14,8 x 21,0 cm);4x4 (colorido);Reciclato 90g;Couché Fosco 150g;1.093,10;1.692,10;2.313,40
32 Páginas;A5 (14,8 x 21,0 cm);4x4 (colorido);Couché Fosco 90g;Couché Fosco 115g;861,31;1.356,90;1.820,25
32 Páginas;A5 (14,8 x 21,0 cm);4x4 (colorido);Couché Fosco 90g;Couché Fosco 150g;866,93;1.370,41;1.834,71
36 Páginas;20 x 20 cm;1x1 (p/b);Offset 90g;Couché Fosco 115g;1.042,80;1.877,80;2.625,16
36 Páginas;20 x 20 cm;1x1 (p/b);Offset 90g;Couché Fosco 150g;1.048,29;1.891,86;2.640,42
36 Páginas;20 x 20 cm;1x1 (p/b);Reciclato 90g;Couché Fosco 115g;1.306,54;2.225,13;3.118,78
36 Páginas;20 x 20 cm;1x1 (p/b);Reciclato 90g;Couché Fosco 150g;1.312,03;2.239,19;3.134,03
36 Páginas;20 x 20 cm;1x1 (p/b);Couché Fosco 90g;Couché Fosco 115g;1.085,27;1.762,80;2.429,13
36 Páginas;20 x 20 cm;1x1 (p/b);Couché Fosco 90g;Couché Fosco 150g;1.091,16;1.776,87;2.444,39
36 Páginas;20 x 20 cm;4x4 (colorido);Offset 90g;Couché Fosco 115g;1.042,80;1.877,80;2.625,16
36 Páginas;20 x 20 cm;4x4 (colorido);Offset 90g;Couché Fosco 150g;1.048,29;1.891,86;2.640,42
36 Páginas;20 x 20 cm;4x4 (colorido);Reciclato 90g;Couché Fosco 115g;1.306,54;2.225,13;3.118,78
36 Páginas;20 x 20 cm;4x4 (colorido);Reciclato 90g;Couché Fosco 150g;1.312,03;2.239,19;3.134,03
36 Páginas;20 x 20 cm;4x4 (colorido);Couché Fosco 90g;Couché Fosco 115g;1.085,27;1.762,80;2.429,13
36 Páginas;20 x 20 cm;4x4 (colorido);Couché Fosco 90g;Couché Fosco 150g;1.091,16;1.776,87;2.444,39
36 Páginas;21 x 15 cm;1x1 (p/b);Offset 90g;Couché Fosco 115g;951,13;1.560,17;2.148,72
36 Páginas;21 x 15 cm;1x1 (p/b);Offset 90g;Couché Fosco 150g;956,76;1.573,72;2.163,21
36 Páginas;21 x 15 cm;1x1 (p/b);Reciclato 90g;Couché Fosco 115g;1.100,91;1.845,33;2.549,08
36 Páginas;21 x 15 cm;1x1 (p/b);Reciclato 90g;Couché Fosco 150g;1.106,14;1.858,88;2.563,57
36 Páginas;21 x 15 cm;1x1 (p/b);Couché Fosco 90g;Couché Fosco 115g;929,08;1.479,62;2.004,35
36 Páginas;21 x 15 cm;1x1 (p/b);Couché Fosco 90g;Couché Fosco 150g;934,71;1.493,16;2.018,84
36 Páginas;21 x 15 cm;4x4 (colorido);Offset 90g;Couché Fosco 115g;951,13;1.560,17;2.148,72
36 Páginas;21 x 15 cm;4x4 (colorido);Offset 90g;Couché Fosco 150g;956,76;1.573,72;2.163,21
36 Páginas;21 x 15 cm;4x4 (colorido);Reciclato 90g;Couché Fosco 115g;1.100,91;1.845,33;2.549,08
36 Páginas;21 x 15 cm;4x4 (colorido);Reciclato 90g;Couché Fosco 150g;1.106,14;1.858,88;2.563,57
36 Páginas;21 x 15 cm;4x4 (colorido);Couché Fosco 90g;Couché Fosco 115g;929,08;1.479,62;2.004,35
36 Páginas;21 x 15 cm;4x4 (colorido);Couché Fosco 90g;Couché Fosco 150g;934,71;1.493,16;2.018,84
36 Páginas;28 x 21 cm;1x1 (p/b);Offset 90g;Couché Fosco 115g;1.394,76;2.580,33;3.678,95
36 Páginas;28 x 21 cm;1x1 (p/b);Offset 90g;Couché Fosco 150g;1.400,80;2.595,51;3.695,90
36 Páginas;28 x 21 cm;1x1 (p/b);Reciclato 90g;Couché Fosco 115g;1.761,35;3.065,16;4.378,82
36 Páginas;28 x 21 cm;1x1 (p/b);Reciclato 90g;Couché Fosco 150g;1.767,40;3.080,35;4.395,77
36 Páginas;28 x 21 cm;1x1 (p/b);Couché Fosco 90g;Couché Fosco 115g;1.329,25;2.389,15;3.368,65
36 Páginas;28 x 21 cm;1x1 (p/b);Couché Fosco 90g;Couché Fosco 150g;1.335,29;2.404,34;3.385,60
36 Páginas;28 x 21 cm;4x4 (colorido);Offset 90g;Couché Fosco 115g;1.394,76;2.580,33;3.678,95
36 Páginas;28 x 21 cm;4x4 (colorido);Offset 90g;Couché Fosco 150g;1.400,80;2.595,51;3.695,90
36 Páginas;28 x 21 cm;4x4 (colorido);Reciclato 90g;Couché Fosco 115g;1.761,35;3.065,16;4.378,82
36 Páginas;28 x 21 cm;4x4 (colorido);Reciclato 90g;Couché Fosco 150g;1.767,40;3.080,35;4.395,77
36 Páginas;28 x 21 cm;4x4 (colorido);Couché Fosco 90g;Couché Fosco 115g;1.329,25;2.389,15;3.368,65
36 Páginas;28 x 21 cm;4x4 (colorido);Couché Fosco 90g;Couché Fosco 150g;1.335,29;2.404,34;3.385,60
36 Páginas;29,7 x 21 cm;1x1 (p/b);Offset 90g;Couché Fosco 115g;1.461,59;2.713,73;3.879,06
36 Páginas;29,7 x 21 cm;1x1 (p/b);Offset 90g;Couché Fosco 150g;1.467,73;2.729,13;3.896,33
36 Páginas;29,7 x 21 cm;1x1 (p/b);Reciclato 90g;Couché Fosco 115g;1.847,72;3.224,68;4.618,10
36 Páginas;29,7 x 21 cm;1x1 (p/b);Reciclato 90g;Couché Fosco 150g;1.853,87;3.240,08;4.635,37
36 Páginas;29,7 x 21 cm;1x1 (p/b);Couché Fosco 90g;Couché Fosco 115g;1.390,20;2.508,09;3.547,06
36 Páginas;29,7 x 21 cm;1x1 (p/b);Couché Fosco 90g;Couché Fosco 150g;1.396,35;2.523,49;3.564,33
36 Páginas;29,7 x 21 cm;4x4 (colorido);Offset 90g;Couché Fosco 115g;1.461,59;2.713,73;3.879,06
36 Páginas;29,7 x 21 cm;4x4 (colorido);Offset 90g;Couché Fosco 150g;1.467,73;2.729,13;3.896,33
36 Páginas;29,7 x 21 cm;4x4 (colorido);Reciclato 90g;Couché Fosco 115g;1.847,72;3.224,68;4.618,10
36 Páginas;29,7 x 21 cm;4x4 (colorido);Reciclato 90g;Couché Fosco 150g;1.853,87;3.240,08;4.635,37
36 Páginas;29,7 x 21 cm;4x4 (colorido);Couché Fosco 90g;Couché Fosco 115g;1.390,20;2.508,09;3.547,06
36 Páginas;29,7 x 21 cm;4x4 (colorido);Couché Fosco 90g;Couché Fosco 150g;1.396,35;2.523,49;3.564,33
36 Páginas;21 x 28 cm;1x1 (p/b);Offset 90g;Couché Fosco 115g;1.394,76;2.580,33;3.678,95
36 Páginas;21 x 28 cm;1x1 (p/b);Offset 90g;Couché Fosco 150g;1.400,80;2.595,51;3.695,90
36 Páginas;21 x 28 cm;1x1 (p/b);Reciclato 90g;Couché Fosco 115g;1.761,35;3.065,16;4.378,82
36 Páginas;21 x 28 cm;1x1 (p/b);Reciclato 90g;Couché Fosco 150g;1.767,40;3.080,35;4.395,77
36 Páginas;21 x 28 cm;1x1 (p/b);Couché Fosco 90g;Couché Fosco 115g;1.329,25;2.389,15;3.368,65
36 Páginas;21 x 28 cm;1x1 (p/b);Couché Fosco 90g;Couché Fosco 150g;1.335,29;2.404,34;3.385,60
36 Páginas;21 x 28 cm;4x4 (colorido);Offset 90g;Couché Fosco 115g;1.394,76;2.580,33;3.678,95
36 Páginas;21 x 28 cm;4x4 (colorido);Offset 90g;Couché Fosco 150g;1.400,80;2.595,51;3.695,90
36 Páginas;21 x 28 cm;4x4 (colorido);Reciclato 90g;Couché Fosco 115g;1.761,35;3.065,16;4.378,82
36 Páginas;21 x 28 cm;4x4 (colorido);Reciclato 90g;Couché Fosco 150g;1.767,40;3.080,35;4.395,77
36 Páginas;21 x 28 cm;4x4 (colorido);Couché Fosco 90g;Couché Fosco 115g;1.329,25;2.389,15;3.368,65
36 Páginas;21 x 28 cm;4x4 (colorido);Couché Fosco 90g;Couché Fosco 150g;1.335,29;2.404,34;3.385,60
36 Páginas;A4 (21,0 x 29,7 cm);1x1 (p/b);Offset 90g;Couché Fosco 115g;1.461,59;2.713,73;3.879,06
36 Páginas;A4 (21,0 x 29,7 cm);1x1 (p/b);Offset 90g;Couché Fosco 150g;1.467,73;2.729,13;3.896,33
36 Páginas;A4 (21,0 x 29,7 cm);1x1 (p/b);Reciclato 90g;Couché Fosco 115g;1.847,72;3.224,68;4.618,10
36 Páginas;A4 (21,0 x 29,7 cm);1x1 (p/b);Reciclato 90g;Couché Fosco 150g;1.853,87;3.240,08;4.635,37
36 Páginas;A4 (21,0 x 29,7 cm);1x1 (p/b);Couché Fosco 90g;Couché Fosco 115g;1.390,20;2.508,09;3.547,06
36 Páginas;A4 (21,0 x 29,7 cm);1x1 (p/b);Couché Fosco 90g;Couché Fosco 150g;1.396,35;2.523,49;3.564,33
36 Páginas;A4 (21,0 x 29,7 cm);4x4 (colorido);Offset 90g;Couché Fosco 115g;1.461,59;2.713,73;3.879,06
36 Páginas;A4 (21,0 x 29,7 cm);4x4 (colorido);Offset 90g;Couché Fosco 150g;1.467,73;2.729,13;3.896,33
36 Páginas;A4 (21,0 x 29,7 cm);4x4 (colorido);Reciclato 90g;Couché Fosco 115g;1.847,72;3.224,68;4.618,10
36 Páginas;A4 (21,0 x 29,7 cm);4x4 (colorido);Reciclato 90g;Couché Fosco 150g;1.853,87;3.240,08;4.635,37
36 Páginas;A4 (21,0 x 29,7 cm);4x4 (colorido);Couché Fosco 90g;Couché Fosco 115g;1.390,20;2.508,09;3.547,06
36 Páginas;A4 (21,0 x 29,7 cm);4x4 (colorido);Couché Fosco 90g;Couché Fosco 150g;1.396,35;2.523,49;3.564,33
36 Páginas;A5 (14,8 x 21,0 cm);1x1 (p/b);Offset 90g;Couché Fosco 115g;942,67;1.544,48;2.125,18
36 Páginas;A5 (14,8 x 21,0 cm);1x1 (p/b);Offset 90g;Couché Fosco 150g;948,28;1.558,00;2.139,63
36 Páginas;A5 (14,8 x 21,0 cm);1x1 (p/b);Reciclato 90g;Couché Fosco 115g;1.090,75;1.826,56;2.520,93
36 Páginas;A5 (14,8 x 21,0 cm);1x1 (p/b);Reciclato 90g;Couché Fosco 150g;1.095,96;1.840,09;2.535,38
36 Páginas;A5 (14,8 x 21,0 cm);1x1 (p/b);Couché Fosco 90g;Couché Fosco 115g;921,37;1.465,62;1.983,36
36 Páginas;A5 (14,8 x 21,0 cm);1x1 (p/b);Couché Fosco 90g;Couché Fosco 150g;926,98;1.479,15;1.997,82
36 Páginas;A5 (14,8 x 21,0 cm);4x4 (colorido);Offset 90g;Couché Fosco 115g;942,67;1.544,48;2.125,18
36 Páginas;A5 (14,8 x 21,0 cm);4x4 (colorido);Offset 90g;Couché Fosco 150g;948,28;1.558,00;2.139,63
36 Páginas;A5 (14,8 x 21,0 cm);4x4 (colorido);Reciclato 90g;Couché Fosco 115g;1.090,75;1.826,56;2.520,93
36 Páginas;A5 (14,8 x 21,0 cm);4x4 (colorido);Reciclato 90g;Couché Fosco 150g;1.095,96;1.840,09;2.535,38
36 Páginas;A5 (14,8 x 21,0 cm);4x4 (colorido);Couché Fosco 90g;Couché Fosco 115g;921,37;1.465,62;1.983,36
36 Páginas;A5 (14,8 x 21,0 cm);4x4 (colorido);Couché Fosco 90g;Couché Fosco 150g;926,98;1.479,15;1.997,82
40 Páginas;20 x 20 cm;1x1 (p/b);Offset 90g;Couché Fosco 115g;1.121,94;2.035,75;2.862,09
40 Páginas;20 x 20 cm;1x1 (p/b);Offset 90g;Couché Fosco 150g;1.127,43;2.049,81;2.877,35
40 Páginas;20 x 20 cm;1x1 (p/b);Reciclato 90g;Couché Fosco 115g;1.409,99;2.415,59;3.404,47
40 Páginas;20 x 20 cm;1x1 (p/b);Reciclato 90g;Couché Fosco 150g;1.415,48;2.429,64;3.419,72
40 Páginas;20 x 20 cm;1x1 (p/b);Couché Fosco 90g;Couché Fosco 115g;1.080,11;1.902,74;2.639,04
40 Páginas;20 x 20 cm;1x1 (p/b);Couché Fosco 90g;Couché Fosco 150g;1.085,59;1.916,80;2.654,30
40 Páginas;20 x 20 cm;4x4 (colorido);Offset 90g;Couché Fosco 115g;1.121,94;2.035,75;2.862,09
40 Páginas;20 x 20 cm;4x4 (colorido);Offset 90g;Couché Fosco 150g;1.127,43;2.049,81;2.877,35
40 Páginas;20 x 20 cm;4x4 (colorido);Reciclato 90g;Couché Fosco 115g;1.409,99;2.415,59;3.404,47
40 Páginas;20 x 20 cm;4x4 (colorido);Reciclato 90g;Couché Fosco 150g;1.415,48;2.429,64;3.419,72
40 Páginas;20 x 20 cm;4x4 (colorido);Couché Fosco 90g;Couché Fosco 115g;1.080,11;1.902,74;2.639,04
40 Páginas;20 x 20 cm;4x4 (colorido);Couché Fosco 90g;Couché Fosco 150g;1.085,59;1.916,80;2.654,30
40 Páginas;21 x 15 cm;1x1 (p/b);Offset 90g;Couché Fosco 115g;1.018,21;1.684,56;2.335,30
40 Páginas;21 x 15 cm;1x1 (p/b);Offset 90g;Couché Fosco 150g;1.023,83;1.698,10;2.349,79
40 Páginas;21 x 15 cm;1x1 (p/b);Reciclato 90g;Couché Fosco 115g;1.182,37;1.995,31;2.774,05
40 Páginas;21 x 15 cm;1x1 (p/b);Reciclato 90g;Couché Fosco 150g;1.187,60;2.008,86;2.788,55
40 Páginas;21 x 15 cm;1x1 (p/b);Couché Fosco 90g;Couché Fosco 115g;989,94;1.589,82;2.169,65
40 Páginas;21 x 15 cm;1x1 (p/b);Couché Fosco 90g;Couché Fosco 150g;995,57;1.603,37;2.184,15
40 Páginas;21 x 15 cm;4x4 (colorido);Offset 90g;Couché Fosco 115g;1.018,21;1.684,56;2.335,30
40 Páginas;21 x 15 cm;4x4 (colorido);Offset 90g;Couché Fosco 150g;1.023,83;1.698,10;2.349,79
40 Páginas;21 x 15 cm;4x4 (colorido);Reciclato 90g;Couché Fosco 115g;1.182,37;1.995,31;2.774,05
40 Páginas;21 x 15 cm;4x4 (colorido);Reciclato 90g;Couché Fosco 150g;1.187,60;2.008,86;2.788,55
40 Páginas;21 x 15 cm;4x4 (colorido);Couché Fosco 90g;Couché Fosco 115g;989,94;1.589,82;2.169,65
40 Páginas;21 x 15 cm;4x4 (colorido);Couché Fosco 90g;Couché Fosco 150g;995,57;1.603,37;2.184,15
40 Páginas;28 x 21 cm;1x1 (p/b);Offset 90g;Couché Fosco 115g;1.511,08;2.812,51;4.027,23
40 Páginas;28 x 21 cm;1x1 (p/b);Offset 90g;Couché Fosco 150g;1.517,12;2.827,69;4.044,18
40 Páginas;28 x 21 cm;1x1 (p/b);Reciclato 90g;Couché Fosco 115g;1.913,43;3.345,13;4.798,78
40 Páginas;28 x 21 cm;1x1 (p/b);Reciclato 90g;Couché Fosco 150g;1.919,47;3.360,31;4.815,73
40 Páginas;28 x 21 cm;1x1 (p/b);Couché Fosco 90g;Couché Fosco 115g;1.434,80;2.594,86;3.677,22
40 Páginas;28 x 21 cm;1x1 (p/b);Couché Fosco 90g;Couché Fosco 150g;1.440,85;2.610,05;3.694,16
40 Páginas;28 x 21 cm;4x4 (colorido);Offset 90g;Couché Fosco 115g;1.511,08;2.812,51;4.027,23
40 Páginas;28 x 21 cm;4x4 (colorido);Offset 90g;Couché Fosco 150g;1.517,12;2.827,69;4.044,18
40 Páginas;28 x 21 cm;4x4 (colorido);Reciclato 90g;Couché Fosco 115g;1.913,43;3.345,13;4.798,78
40 Páginas;28 x 21 cm;4x4 (colorido);Reciclato 90g;Couché Fosco 150g;1.919,47;3.360,31;4.815,73
40 Páginas;28 x 21 cm;4x4 (colorido);Couché Fosco 90g;Couché Fosco 115g;1.434,80;2.594,86;3.677,22
40 Páginas;28 x 21 cm;4x4 (colorido);Couché Fosco 90g;Couché Fosco 150g;1.440,85;2.610,05;3.694,16
40 Páginas;29,7 x 21 cm;1x1 (p/b);Offset 90g;Couché Fosco 115g;1.584,97;2.960,01;4.248,48
40 Páginas;29,7 x 21 cm;1x1 (p/b);Offset 90g;Couché Fosco 150g;1.591,13;2.975,41;4.265,75
40 Páginas;29,7 x 21 cm;1x1 (p/b);Reciclato 90g;Couché Fosco 115g;2.009,03;3.521,64;5.063,55
40 Páginas;29,7 x 21 cm;1x1 (p/b);Reciclato 90g;Couché Fosco 150g;2.015,18;3.537,04;5.080,83
40 Páginas;29,7 x 21 cm;1x1 (p/b);Couché Fosco 90g;Couché Fosco 115g;1.502,16;2.726,29;3.874,36
40 Páginas;29,7 x 21 cm;1x1 (p/b);Couché Fosco 90g;Couché Fosco 150g;1.508,32;2.741,69;3.891,63
40 Páginas;29,7 x 21 cm;4x4 (colorido);Offset 90g;Couché Fosco 115g;1.584,97;2.960,01;4.248,48
40 Páginas;29,7 x 21 cm;4x4 (colorido);Offset 90g;Couché Fosco 150g;1.591,13;2.975,41;4.265,75
40 Páginas;29,7 x 21 cm;4x4 (colorido);Reciclato 90g;Couché Fosco 115g;2.009,03;3.521,64;5.063,55
40 Páginas;29,7 x 21 cm;4x4 (colorido);Reciclato 90g;Couché Fosco 150g;2.015,18;3.537,04;5.080,83
40 Páginas;29,7 x 21 cm;4x4 (colorido);Couché Fosco 90g;Couché Fosco 115g;1.502,16;2.726,29;3.874,36
40 Páginas;29,7 x 21 cm;4x4 (colorido);Couché Fosco 90g;Couché Fosco 150g;1.508,32;2.741,69;3.891,63
40 Páginas;21 x 28 cm;1x1 (p/b);Offset 90g;Couché Fosco 115g;1.511,08;2.812,51;4.027,23
40 Páginas;21 x 28 cm;1x1 (p/b);Offset 90g;Couché Fosco 150g;1.517,12;2.827,69;4.044,18
40 Páginas;21 x 28 cm;1x1 (p/b);Reciclato 90g;Couché Fosco 115g;1.913,43;3.345,13;4.798,78
40 Páginas;21 x 28 cm;1x1 (p/b);Reciclato 90g;Couché Fosco 150g;1.919,47;3.360,31;4.815,73
40 Páginas;21 x 28 cm;1x1 (p/b);Couché Fosco 90g;Couché Fosco 115g;1.434,80;2.594,86;3.677,22
40 Páginas;21 x 28 cm;1x1 (p/b);Couché Fosco 90g;Couché Fosco 150g;1.440,85;2.610,05;3.694,16
40 Páginas;21 x 28 cm;4x4 (colorido);Offset 90g;Couché Fosco 115g;1.511,08;2.812,51;4.027,23
40 Páginas;21 x 28 cm;4x4 (colorido);Offset 90g;Couché Fosco 150g;1.517,12;2.827,69;4.044,18
40 Páginas;21 x 28 cm;4x4 (colorido);Reciclato 90g;Couché Fosco 115g;1.913,43;3.345,13;4.798,78
40 Páginas;21 x 28 cm;4x4 (colorido);Reciclato 90g;Couché Fosco 150g;1.919,47;3.360,31;4.815,73
40 Páginas;21 x 28 cm;4x4 (colorido);Couché Fosco 90g;Couché Fosco 115g;1.434,80;2.594,86;3.677,22
40 Páginas;21 x 28 cm;4x4 (colorido);Couché Fosco 90g;Couché Fosco 150g;1.440,85;2.610,05;3.694,16
40 Páginas;A4 (21,0 x 29,7 cm);1x1 (p/b);Offset 90g;Couché Fosco 115g;1.584,97;2.960,01;4.248,48
40 Páginas;A4 (21,0 x 29,7 cm);1x1 (p/b);Offset 90g;Couché Fosco 150g;1.591,13;2.975,41;4.265,75
40 Páginas;A4 (21,0 x 29,7 cm);1x1 (p/b);Reciclato 90g;Couché Fosco 115g;2.009,03;3.521,64;5.063,55
40 Páginas;A4 (21,0 x 29,7 cm);1x1 (p/b);Reciclato 90g;Couché Fosco 150g;2.015,18;3.537,04;5.080,83
40 Páginas;A4 (21,0 x 29,7 cm);1x1 (p/b);Couché Fosco 90g;Couché Fosco 115g;1.502,16;2.726,29;3.874,36
40 Páginas;A4 (21,0 x 29,7 cm);1x1 (p/b);Couché Fosco 90g;Couché Fosco 150g;1.508,32;2.741,69;3.891,63
40 Páginas;A4 (21,0 x 29,7 cm);4x4 (colorido);Offset 90g;Couché Fosco 115g;1.584,97;2.960,01;4.248,48
40 Páginas;A4 (21,0 x 29,7 cm);4x4 (colorido);Offset 90g;Couché Fosco 150g;1.591,13;2.975,41;4.265,75
40 Páginas;A4 (21,0 x 29,7 cm);4x4 (colorido);Reciclato 90g;Couché Fosco 115g;2.009,03;3.521,64;5.063,55
40 Páginas;A4 (21,0 x 29,7 cm);4x4 (colorido);Reciclato 90g;Couché Fosco 150g;2.015,18;3.537,04;5.080,83
40 Páginas;A4 (21,0 x 29,7 cm);4x4 (colorido);Couché Fosco 90g;Couché Fosco 115g;1.502,16;2.726,29;3.874,36
40 Páginas;A4 (21,0 x 29,7 cm);4x4 (colorido);Couché Fosco 90g;Couché Fosco 150g;1.508,32;2.741,69;3.891,63
40 Páginas;A5 (14,8 x 21,0 cm);1x1 (p/b);Offset 90g;Couché Fosco 115g;1.008,85;1.667,20;2.309,27
40 Páginas;A5 (14,8 x 21,0 cm);1x1 (p/b);Offset 90g;Couché Fosco 150g;1.014,46;1.680,73;2.323,72
40 Páginas;A5 (14,8 x 21,0 cm);1x1 (p/b);Reciclato 90g;Couché Fosco 115g;1.171,13;1.974,54;2.742,91
40 Páginas;A5 (14,8 x 21,0 cm);1x1 (p/b);Reciclato 90g;Couché Fosco 150g;1.176,34;1.988,07;2.757,35
40 Páginas;A5 (14,8 x 21,0 cm);1x1 (p/b);Couché Fosco 90g;Couché Fosco 115g;981,41;1.574,36;2.146,46
40 Páginas;A5 (14,8 x 21,0 cm);1x1 (p/b);Couché Fosco 90g;Couché Fosco 150g;987,03;1.587,88;2.160,91
40 Páginas;A5 (14,8 x 21,0 cm);4x4 (colorido);Offset 90g;Couché Fosco 115g;1.008,85;1.667,20;2.309,27
40 Páginas;A5 (14,8 x 21,0 cm);4x4 (colorido);Offset 90g;Couché Fosco 150g;1.014,46;1.680,73;2.323,72
40 Páginas;A5 (14,8 x 21,0 cm);4x4 (colorido);Reciclato 90g;Couché Fosco 115g;1.171,13;1.974,54;2.742,91
40 Páginas;A5 (14,8 x 21,0 cm);4x4 (colorido);Reciclato 90g;Couché Fosco 150g;1.176,34;1.988,07;2.757,35
40 Páginas;A5 (14,8 x 21,0 cm);4x4 (colorido);Couché Fosco 90g;Couché Fosco 115g;981,41;1.574,36;2.146,46
40 Páginas;A5 (14,8 x 21,0 cm);4x4 (colorido);Couché Fosco 90g;Couché Fosco 150g;987,03;1.587,88;2.160,91
